iso_ref	gene_ref	isoform_id	gene_id	gene_name	condition_1	condition_2	IF1	IF2	dIF	isoform_switch_q_value	Rank	gene
isoComp_00012671	geneComp_00002685	ENST00000531413.5	CFL1	CFL1	X0HPI	X24HPI	0	0.182	0.182	2.00835147705625e-18	1	1072
isoComp_00009570	geneComp_00001999	ENST00000453973.5	CAPG	CAPG	X0HPI	X24HPI	0.264	0	-0.264	2.05534945217866e-10	2	822
isoComp_00242976	geneComp_00054293	ENST00000417172.5	CALD1	CALD1	X24HPI	X48HPI	0	0.128	0.128	2.08410254239764e-09	3	800
isoComp_00275433	geneComp_00061825	ENST00000573580.5	NAA60	NAA60	X24HPI	X48HPI	0.421	0.264	-0.157	2.08410254239764e-09	4	79903
isoComp_00275425	geneComp_00061825	ENST00000570372.5	NAA60	NAA60	X24HPI	X48HPI	0	0.154	0.154	2.1476921556926e-09	5	79903
isoComp_00301534	geneComp_00067542	ENST00000528969.5	TMEM123	TMEM123	X24HPI	X48HPI	0.214	0	-0.214	2.1476921556926e-09	6	114908
isoComp_00301535	geneComp_00067542	ENST00000532161.5	TMEM123	TMEM123	X24HPI	X48HPI	0.415	0.663	0.248	2.1476921556926e-09	7	114908
isoComp_00261884	geneComp_00058740	ENST00000380728.7	GPS2	GPS2	X24HPI	X48HPI	0.72	0.829	0.109	4.40812296491911e-09	8	2874
isoComp_00261889	geneComp_00058740	ENST00000577040.2	GPS2	GPS2	X24HPI	X48HPI	0.198	0	-0.198	9.07233585594253e-09	9	2874
isoComp_00008135	geneComp_00001614	ENST00000265758.7	BUD23	BUD23	X0HPI	X24HPI	0.358	0.468	0.11	1.05343124910379e-08	10	114049
isoComp_00075143	geneComp_00016829	ENST00000573161.1	ZFP90	ZFP90	X0HPI	X24HPI	0.584	0	-0.584	1.05343124910379e-08	11	146198
isoComp_00263899	geneComp_00059227	ENST00000572812.5	HMOX2	HMOX2	X24HPI	X48HPI	0	0.18	0.18	1.32987052791183e-08	12	3163
isoComp_00008141	geneComp_00001614	ENST00000430446.2	BUD23	BUD23	X0HPI	X24HPI	0.111	0	-0.111	1.42652797717993e-08	13	114049
isoComp_00299853	geneComp_00067153	ENST00000640382.1	TCEA1	TCEA1	X24HPI	X48HPI	0.427	0.649	0.222	1.42668898662715e-08	14	6917
isoComp_00299852	geneComp_00067153	ENST00000640041.1	TCEA1	TCEA1	X24HPI	X48HPI	0.219	0	-0.219	1.92612908665427e-08	15	6917
isoComp_00268916	geneComp_00060374	ENST00000642274.1	LARS2	LARS2	X24HPI	X48HPI	0.161	0.268	0.108	2.09396176354895e-08	16	23395
isoComp_00066206	geneComp_00014818	ENST00000640041.1	TCEA1	TCEA1	X0HPI	X24HPI	0	0.219	0.219	3.22373935837601e-08	17	6917
isoComp_00268914	geneComp_00060374	ENST00000430399.1	LARS2	LARS2	X24HPI	X48HPI	0.19	0	-0.19	3.96340215243734e-08	18	23395
isoComp_00255157	geneComp_00056821	ENST00000519266.5	ENO3	ENO3	X24HPI	X48HPI	0	0.303	0.303	6.36600636519086e-08	19	2027
isoComp_00011719	geneComp_00002482	ENST00000538446.5	CDK2AP1	CDK2AP1	X0HPI	X24HPI	0.369	0	-0.369	6.47991870251825e-08	20	8099
isoComp_00011722	geneComp_00002482	ENST00000618072.4	CDK2AP1	CDK2AP1	X0HPI	X24HPI	0.114	0.572	0.458	6.47991870251825e-08	21	8099
isoComp_00047719	geneComp_00010862	ENST00000405677.5	PES1	PES1	X0HPI	X24HPI	0	0.111	0.111	6.47991870251825e-08	22	23481
isoComp_00003864	geneComp_00000753	ENST00000528815.5	AP2A2	AP2A2	X0HPI	X24HPI	0.654	0.504	-0.15	7.21477101864085e-08	23	161
isoComp_00003160	geneComp_00000605	ENST00000261819.8	ANAPC5	ANAPC5	X0HPI	X24HPI	0.566	0.438	-0.129	9.71936827903369e-08	24	51433
isoComp_00021510	geneComp_00004486	ENST00000323997.10	ENO3	ENO3	X0HPI	X24HPI	0.552	0.218	-0.335	9.9814760355964e-08	25	2027
isoComp_00280015	geneComp_00062882	ENST00000393726.7	PALLD	PALLD	X24HPI	X48HPI	0.125	0.348	0.224	1.11175143085964e-07	26	23022
isoComp_00003165	geneComp_00000605	ENST00000544442.5	ANAPC5	ANAPC5	X0HPI	X24HPI	0	0.101	0.101	1.17740697778769e-07	27	51433
isoComp_00003863	geneComp_00000753	ENST00000526753.5	AP2A2	AP2A2	X0HPI	X24HPI	0	0.222	0.222	1.17740697778769e-07	28	161
isoComp_00021513	geneComp_00004486	ENST00000519602.6	ENO3	ENO3	X0HPI	X24HPI	0	0.409	0.409	1.17740697778769e-07	29	2027
isoComp_00030620	geneComp_00006971	ENST00000355906.10	HP	HP	X0HPI	X24HPI	1	0.567	-0.433	1.17740697778769e-07	30	3240
isoComp_00054402	geneComp_00012252	ENST00000356208.10	RBM38	RBM38	X0HPI	X24HPI	0.952	0.517	-0.435	1.17740697778769e-07	31	55544
isoComp_00030626	geneComp_00006971	ENST00000568417.6	HP	HP	X0HPI	X24HPI	0	0.382	0.382	1.195651856643e-07	32	3240
isoComp_00280019	geneComp_00062882	ENST00000510998.5	PALLD	PALLD	X24HPI	X48HPI	0.305	0	-0.305	1.24331076397751e-07	33	23022
isoComp_00066200	geneComp_00014818	ENST00000396401.7	TCEA1	TCEA1	X0HPI	X24HPI	0.188	0	-0.188	1.27919901507056e-07	34	6917
isoComp_00293831	geneComp_00065841	ENST00000681440.1	SLC1A3	SLC1A3	X24HPI	X48HPI	0	0.38	0.38	2.76900443409917e-07	35	6507
isoComp_00269326	geneComp_00060464	ENST00000379214.9	LGR4	LGR4	X24HPI	X48HPI	0.904	0.803	-0.101	3.38869766130601e-07	36	55366
isoComp_00289212	geneComp_00064849	ENST00000590870.5	RMC1	RMC1	X24HPI	X48HPI	0.282	0	-0.282	3.38869766130601e-07	37	29919
isoComp_00002516	geneComp_00000496	ENST00000409155.8	ALAD	ALAD	X0HPI	X24HPI	0.658	0.804	0.146	4.13298655918044e-07	38	210
isoComp_00236162	geneComp_00052831	ENST00000409155.8	ALAD	ALAD	X24HPI	X48HPI	0.804	0.689	-0.115	4.3974248491174e-07	39	210
isoComp_00269328	geneComp_00060464	ENST00000480977.2	LGR4	LGR4	X24HPI	X48HPI	0	0.186	0.186	4.80504781149946e-07	40	55366
isoComp_00054401	geneComp_00012252	ENST00000344785.10	RBM38	RBM38	X0HPI	X24HPI	0	0.385	0.385	5.93262024962881e-07	41	55544
isoComp_00066953	geneComp_00014988	ENST00000393359.7	TGFBRAP1	TGFBRAP1	X0HPI	X24HPI	0.859	0.312	-0.547	6.58572571810638e-07	42	9392
isoComp_00002518	geneComp_00000496	ENST00000448137.5	ALAD	ALAD	X0HPI	X24HPI	0.212	0	-0.212	6.8361627561019e-07	43	210
isoComp_00236164	geneComp_00052831	ENST00000448137.5	ALAD	ALAD	X24HPI	X48HPI	0	0.194	0.194	7.09937666143455e-07	44	210
isoComp_00262447	geneComp_00058859	ENST00000283875.6	GTF2E1	GTF2E1	X24HPI	X48HPI	0.514	0.404	-0.11	7.22511583330237e-07	45	2960
isoComp_00266487	geneComp_00059808	ENST00000577820.5	ISYNA1	ISYNA1	X24HPI	X48HPI	0.475	0.292	-0.183	1.05403196216108e-06	46	51477
isoComp_00016904	geneComp_00003580	ENST00000454048.1	D2HGDH	D2HGDH	X0HPI	X24HPI	0	0.584	0.584	1.19603174943031e-06	47	728294
isoComp_00041926	geneComp_00009512	ENST00000225927.7	NAGLU	NAGLU	X0HPI	X24HPI	0.612	0.719	0.107	1.40405940596076e-06	48	4669
isoComp_00066954	geneComp_00014988	ENST00000595531.5	TGFBRAP1	TGFBRAP1	X0HPI	X24HPI	0	0.563	0.563	1.40405940596076e-06	49	9392
isoComp_00273330	geneComp_00061337	ENST00000311852.11	MMP14	MMP14	X24HPI	X48HPI	0.48	0.689	0.209	1.4305684129837e-06	50	4323
isoComp_00266490	geneComp_00059808	ENST00000581672.5	ISYNA1	ISYNA1	X24HPI	X48HPI	0	0.277	0.277	1.67250446444861e-06	51	51477
isoComp_00262448	geneComp_00058859	ENST00000469772.5	GTF2E1	GTF2E1	X24HPI	X48HPI	0	0.184	0.184	1.80505852994309e-06	52	2960
isoComp_00306642	geneComp_00068692	ENST00000430365.7	VGLL4	VGLL4	X24HPI	X48HPI	0.99	0.729	-0.261	1.83437508310647e-06	53	9686
isoComp_00039684	geneComp_00009002	ENST00000311852.11	MMP14	MMP14	X0HPI	X24HPI	0.722	0.48	-0.242	1.9644505146069e-06	54	4323
isoComp_00248939	geneComp_00055588	ENST00000264229.11	CRACD	CRACD	X24HPI	X48HPI	0	0.409	0.409	2.01331920395475e-06	55	57482
isoComp_00238979	geneComp_00053392	ENST00000397771.6	ASCC2	ASCC2	X24HPI	X48HPI	0.397	0.5	0.103	2.2186837185905e-06	56	84164
isoComp_00273333	geneComp_00061337	ENST00000680097.1	MMP14	MMP14	X24HPI	X48HPI	0.189	0	-0.189	2.40111283369272e-06	57	4323
isoComp_00306638	geneComp_00068692	ENST00000419541.4	VGLL4	VGLL4	X24HPI	X48HPI	0	0.254	0.254	2.44198257756552e-06	58	9686
isoComp_00266042	geneComp_00059716	ENST00000313182.6	INTS14	INTS14	X24HPI	X48HPI	0.738	0.537	-0.202	2.6232254388984e-06	59	81556
isoComp_00290597	geneComp_00065128	ENST00000304567.10	RRM2	RRM2	X24HPI	X48HPI	0.528	0.737	0.209	2.94322462405075e-06	60	6241
isoComp_00049884	geneComp_00011319	ENST00000428202.7	POC5	POC5	X0HPI	X24HPI	0.77	0.445	-0.325	3.08148342279161e-06	61	134359
isoComp_00290599	geneComp_00065128	ENST00000615152.5	RRM2	RRM2	X24HPI	X48HPI	0.291	0	-0.291	3.22208458210805e-06	62	6241
isoComp_00056951	geneComp_00012793	ENST00000304567.10	RRM2	RRM2	X0HPI	X24HPI	0.75	0.528	-0.222	3.68661576915439e-06	63	6241
isoComp_00039687	geneComp_00009002	ENST00000680097.1	MMP14	MMP14	X0HPI	X24HPI	0	0.189	0.189	3.94823737564104e-06	64	4323
isoComp_00056953	geneComp_00012793	ENST00000615152.5	RRM2	RRM2	X0HPI	X24HPI	0	0.291	0.291	3.94823737564104e-06	65	6241
isoComp_00310443	geneComp_00069516	ENST00000537943.5	ZNF583	ZNF583	X24HPI	X48HPI	0	0.478	0.478	3.96950613424727e-06	66	147949
isoComp_00008169	geneComp_00001619	ENST00000430000.1	BZW2	BZW2	X0HPI	X24HPI	0	0.112	0.112	4.0392833801724e-06	67	28969
isoComp_00238981	geneComp_00053392	ENST00000431535.5	ASCC2	ASCC2	X24HPI	X48HPI	0.123	0	-0.123	4.06857029463245e-06	68	84164
isoComp_00242897	geneComp_00054277	ENST00000264705.9	CAD	CAD	X24HPI	X48HPI	0.902	0.664	-0.238	4.06857029463245e-06	69	790
isoComp_00008168	geneComp_00001619	ENST00000415365.5	BZW2	BZW2	X0HPI	X24HPI	0.105	0	-0.105	4.42969705312083e-06	70	28969
isoComp_00041927	geneComp_00009512	ENST00000586516.5	NAGLU	NAGLU	X0HPI	X24HPI	0.116	0	-0.116	5.45106037159289e-06	71	4669
isoComp_00266053	geneComp_00059716	ENST00000652388.1	INTS14	INTS14	X24HPI	X48HPI	0	0.13	0.13	5.54664780178267e-06	72	81556
isoComp_00294079	geneComp_00065900	ENST00000519676.6	SLC25A30	SLC25A30	X24HPI	X48HPI	0.653	0.445	-0.208	6.52855394723134e-06	73	253512
isoComp_00068510	geneComp_00015367	ENST00000565291.5	TMEM62	TMEM62	X0HPI	X24HPI	0	0.254	0.254	6.80186119620557e-06	74	80021
isoComp_00066527	geneComp_00014874	ENST00000368824.8	TDRKH	TDRKH	X0HPI	X24HPI	0	0.33	0.33	6.8824086836546e-06	75	11022
isoComp_00066531	geneComp_00014874	ENST00000458431.6	TDRKH	TDRKH	X0HPI	X24HPI	0.351	0	-0.351	7.44675650407688e-06	76	11022
isoComp_00003172	geneComp_00000608	ENST00000251089.8	ANGEL1	ANGEL1	X0HPI	X24HPI	0.689	0.811	0.122	7.77704969515773e-06	77	23357
isoComp_00005333	geneComp_00001057	ENST00000397771.6	ASCC2	ASCC2	X0HPI	X24HPI	0.624	0.397	-0.227	8.82739605630109e-06	78	84164
isoComp_00242543	geneComp_00054172	ENST00000510659.5	C5orf22	C5orf22	X24HPI	X48HPI	0.411	0.306	-0.105	9.30579867098678e-06	79	55322
isoComp_00024577	geneComp_00005512	ENST00000376770.5	FBXO44	FBXO44	X0HPI	X24HPI	0	0.217	0.217	1.26325534977433e-05	80	93611
isoComp_00307613	geneComp_00068890	ENST00000534713.5	WLS	WLS	X24HPI	X48HPI	0.251	0	-0.251	1.30544549448358e-05	81	79971
isoComp_00014879	geneComp_00003156	ENST00000366777.4	COQ8A	COQ8A	X0HPI	X24HPI	1	0.764	-0.236	1.34184091679683e-05	82	56997
isoComp_00292510	geneComp_00065548	ENST00000380546.7	SERPINB6	SERPINB6	X24HPI	X48HPI	0.409	0.752	0.343	1.42219483876891e-05	83	5269
isoComp_00296415	geneComp_00066418	ENST00000635868.1	SP2	SP2	X24HPI	X48HPI	0.46	0.146	-0.314	1.43528694212404e-05	84	6668
isoComp_00242898	geneComp_00054277	ENST00000403525.5	CAD	CAD	X24HPI	X48HPI	0	0.181	0.181	1.45987329075945e-05	85	790
isoComp_00019681	geneComp_00004123	ENST00000511762.2	DTNBP1	DTNBP1	X0HPI	X24HPI	0	0.219	0.219	1.50642129334741e-05	86	84062
isoComp_00036936	geneComp_00008453	ENST00000332728.8	LYSMD4	LYSMD4	X0HPI	X24HPI	0.531	0.319	-0.212	1.50642129334741e-05	87	145748
isoComp_00292508	geneComp_00065548	ENST00000380520.6	SERPINB6	SERPINB6	X24HPI	X48HPI	0.238	0	-0.238	1.53611630766345e-05	88	5269
isoComp_00002445	geneComp_00000486	ENST00000380448.5	AKR1C4	AKR1C4	X0HPI	X24HPI	1	0.282	-0.718	1.54304187466754e-05	89	1109
isoComp_00294078	geneComp_00065900	ENST00000519547.5	SLC25A30	SLC25A30	X24HPI	X48HPI	0	0.262	0.262	1.6239682560101e-05	90	253512
isoComp_00046002	geneComp_00010478	ENST00000337233.9	P2RX4	P2RX4	X0HPI	X24HPI	0.795	0.518	-0.277	1.63744990670448e-05	91	5025
isoComp_00275398	geneComp_00061820	ENST00000555166.5	NAA30	NAA30	X24HPI	X48HPI	0.287	0.535	0.248	1.75145304704116e-05	92	122830
isoComp_00014880	geneComp_00003156	ENST00000366778.5	COQ8A	COQ8A	X0HPI	X24HPI	0	0.236	0.236	1.8054584342836e-05	93	56997
isoComp_00075787	geneComp_00016962	ENST00000261332.11	ZNF24	ZNF24	X0HPI	X24HPI	0.192	0	-0.192	2.12838137402071e-05	94	7572
isoComp_00322187	geneComp_00072015	ENST00000536154.5	CCDC91	CCDC91	X24HPI	X72HPI	0.156	0.329	0.173	2.37090627761084e-05	95	55297
isoComp_00322194	geneComp_00072015	ENST00000543019.1	CCDC91	CCDC91	X24HPI	X72HPI	0.422	0	-0.422	2.37090627761084e-05	96	55297
isoComp_00242545	geneComp_00054172	ENST00000513967.5	C5orf22	C5orf22	X24HPI	X48HPI	0	0.154	0.154	2.39469961315038e-05	97	55322
isoComp_00267239	geneComp_00059969	ENST00000532569.5	KCNE3	KCNE3	X24HPI	X48HPI	0	0.319	0.319	2.39469961315038e-05	98	10008
isoComp_00256027	geneComp_00057334	ENST00000454226.5	EPB41L1	EPB41L1	X24HPI	X48HPI	0	0.308	0.308	2.3962388056726e-05	99	2036
isoComp_00002444	geneComp_00000486	ENST00000263126.3	AKR1C4	AKR1C4	X0HPI	X24HPI	0	0.719	0.719	2.51018257426662e-05	100	1109
isoComp_00046008	geneComp_00010478	ENST00000543318.5	P2RX4	P2RX4	X0HPI	X24HPI	0	0.196	0.196	2.5972460587704e-05	101	5025
isoComp_00296416	geneComp_00066418	ENST00000637314.1	SP2	SP2	X24HPI	X48HPI	0	0.197	0.197	2.69257956967297e-05	102	6668
isoComp_00280434	geneComp_00062964	ENST00000373482.6	PBX3	PBX3	X24HPI	X48HPI	0	0.144	0.144	2.97480822709861e-05	103	5090
isoComp_00237916	geneComp_00053172	ENST00000297991.6	AQP3	AQP3	X24HPI	X48HPI	0.992	0.794	-0.199	3.00933168361276e-05	104	360
isoComp_00303723	geneComp_00068065	ENST00000524107.5	TRIQK	TRIQK	X24HPI	X48HPI	0.297	0.445	0.148	3.00933168361276e-05	105	286144
isoComp_00002834	geneComp_00000541	ENST00000292566.4	ALKBH4	ALKBH4	X0HPI	X24HPI	0.749	1	0.251	3.16117264495083e-05	106	54784
isoComp_00275397	geneComp_00061820	ENST00000554703.1	NAA30	NAA30	X24HPI	X48HPI	0.266	0	-0.266	3.25008000694209e-05	107	122830
isoComp_00065487	geneComp_00014673	ENST00000294168.8	TAF6L	TAF6L	X0HPI	X24HPI	0.56	0.786	0.226	3.28785729082126e-05	108	10629
isoComp_00299133	geneComp_00067008	ENST00000294168.8	TAF6L	TAF6L	X24HPI	X48HPI	0.786	0.578	-0.208	3.57543857388861e-05	109	10629
isoComp_00009251	geneComp_00001942	ENST00000264705.9	CAD	CAD	X0HPI	X24HPI	0.698	0.902	0.204	3.6334203573965e-05	110	790
isoComp_00036940	geneComp_00008453	ENST00000545021.2	LYSMD4	LYSMD4	X0HPI	X24HPI	0	0.307	0.307	3.6334203573965e-05	111	145748
isoComp_00003173	geneComp_00000608	ENST00000555079.1	ANGEL1	ANGEL1	X0HPI	X24HPI	0.145	0	-0.145	4.33884846404542e-05	112	23357
isoComp_00303721	geneComp_00068065	ENST00000522925.5	TRIQK	TRIQK	X24HPI	X48HPI	0.168	0	-0.168	4.37177789027487e-05	113	286144
isoComp_00259001	geneComp_00058030	ENST00000533848.2	FMO5	FMO5	X24HPI	X48HPI	0.183	0	-0.183	4.47634233883207e-05	114	2330
isoComp_00236480	geneComp_00052876	ENST00000292566.4	ALKBH4	ALKBH4	X24HPI	X48HPI	1	0.778	-0.222	4.55596235568624e-05	115	54784
isoComp_00034538	geneComp_00007867	ENST00000328879.9	KLHL22	KLHL22	X0HPI	X24HPI	0.592	0.369	-0.222	4.57575578343452e-05	116	84861
isoComp_00077472	geneComp_00017350	ENST00000486474.5	ZNF808	ZNF808	X0HPI	X24HPI	0.375	0	-0.375	5.10296158755949e-05	117	388558
isoComp_00269942	geneComp_00060627	ENST00000261349.9	LRP6	LRP6	X24HPI	X48HPI	0.442	0.333	-0.109	5.50239832314773e-05	118	4040
isoComp_00065858	geneComp_00014762	ENST00000300584.8	TBC1D2B	TBC1D2B	X0HPI	X24HPI	0.994	0.765	-0.229	5.63780116925302e-05	119	23102
isoComp_00298127	geneComp_00066785	ENST00000298596.11	STOX1	STOX1	X24HPI	X48HPI	1	0.556	-0.444	5.71028763510627e-05	120	219736
isoComp_00034544	geneComp_00007867	ENST00000458248.5	KLHL22	KLHL22	X0HPI	X24HPI	0	0.287	0.287	6.0467837962339e-05	121	84861
isoComp_00024037	geneComp_00005382	ENST00000010299.10	FAM76A	FAM76A	X0HPI	X24HPI	0.353	0	-0.353	6.21497768060383e-05	122	199870
isoComp_00303211	geneComp_00067941	ENST00000560371.5	TRAF3	TRAF3	X24HPI	X48HPI	0	0.279	0.279	7.22517989013381e-05	123	7187
isoComp_00237918	geneComp_00053172	ENST00000645858.1	AQP3	AQP3	X24HPI	X48HPI	0	0.2	0.2	7.46626587626793e-05	124	360
isoComp_00065490	geneComp_00014673	ENST00000529509.1	TAF6L	TAF6L	X0HPI	X24HPI	0.201	0	-0.201	7.86281847203055e-05	125	10629
isoComp_00059988	geneComp_00013462	ENST00000576377.1	SLC12A4	SLC12A4	X0HPI	X24HPI	0.171	0.291	0.12	7.93302921041665e-05	126	6560
isoComp_00062726	geneComp_00014074	ENST00000526673.1	SOX6	SOX6	X0HPI	X24HPI	0	0.295	0.295	7.95412559034389e-05	127	55553
isoComp_00063722	geneComp_00014310	ENST00000601357.6	SSBP4	SSBP4	X0HPI	X24HPI	0.217	0	-0.217	8.13893208508534e-05	128	170463
isoComp_00269945	geneComp_00060627	ENST00000540527.5	LRP6	LRP6	X24HPI	X48HPI	0	0.15	0.15	9.14124548400427e-05	129	4040
isoComp_00299136	geneComp_00067008	ENST00000529509.1	TAF6L	TAF6L	X24HPI	X48HPI	0	0.173	0.173	9.25673375575536e-05	130	10629
isoComp_00002835	geneComp_00000541	ENST00000490528.1	ALKBH4	ALKBH4	X0HPI	X24HPI	0.251	0	-0.251	9.86555627323288e-05	131	54784
isoComp_00069737	geneComp_00015642	ENST00000495022.5	TRDMT1	TRDMT1	X0HPI	X24HPI	0.794	0.324	-0.469	9.86555627323288e-05	132	1787
isoComp_00066100	geneComp_00014792	ENST00000424598.5	TBL2	TBL2	X0HPI	X24HPI	0.431	0.096	-0.335	0.000102465436448116	133	26608
isoComp_00333038	geneComp_00074266	ENST00000323997.10	ENO3	ENO3	X24HPI	X72HPI	0.218	0.519	0.301	0.000104506598596941	134	2027
isoComp_00333041	geneComp_00074266	ENST00000519602.6	ENO3	ENO3	X24HPI	X72HPI	0.409	0	-0.409	0.000104506598596941	135	2027
isoComp_00281706	geneComp_00063273	ENST00000542769.5	PHACTR2	PHACTR2	X24HPI	X48HPI	0	0.18	0.18	0.000113888309704473	136	9749
isoComp_00047657	geneComp_00010844	ENST00000371658.3	PEDS1	PEDS1	X0HPI	X24HPI	0.118	0	-0.118	0.000117570159436998	137	387521
isoComp_00071094	geneComp_00015936	ENST00000683060.1	TUBGCP2	TUBGCP2	X0HPI	X24HPI	0	0.111	0.111	0.000117570159436998	138	10844
isoComp_00289655	geneComp_00064948	ENST00000584437.5	RNF43	RNF43	X24HPI	X48HPI	0.411	0.241	-0.17	0.00011975813004054	139	54894
isoComp_00040187	geneComp_00009116	ENST00000292586.11	MRNIP	MRNIP	X0HPI	X24HPI	0.291	0	-0.291	0.000122257815538659	140	51149
isoComp_00066108	geneComp_00014792	ENST00000610724.4	TBL2	TBL2	X0HPI	X24HPI	0	0.306	0.306	0.000122989045107728	141	26608
isoComp_00009252	geneComp_00001942	ENST00000403525.5	CAD	CAD	X0HPI	X24HPI	0.155	0	-0.155	0.00013142727759717	142	790
isoComp_00059983	geneComp_00013462	ENST00000541864.6	SLC12A4	SLC12A4	X0HPI	X24HPI	0.117	0	-0.117	0.00013142727759717	143	6560
isoComp_00044547	geneComp_00010057	ENST00000357785.10	NRP2	NRP2	X0HPI	X24HPI	0.583	0.395	-0.188	0.000138549611199678	144	8828
isoComp_00045731	geneComp_00010403	ENST00000566860.1	ORC6	ORC6	X0HPI	X24HPI	0.312	0.188	-0.124	0.000140159125597257	145	23594
isoComp_00279377	geneComp_00062738	ENST00000566860.1	ORC6	ORC6	X24HPI	X48HPI	0.188	0.298	0.111	0.000140584235011112	146	23594
isoComp_00303659	geneComp_00068054	ENST00000643100.1	TRIM8	TRIM8	X24HPI	X48HPI	0.32	0.143	-0.177	0.000140584235011112	147	81603
isoComp_00392550	geneComp_00087826	ENST00000535234.5	ANAPC15	ANAPC15	X48HPI	X72HPI	0.09	0.192	0.103	0.000142383561839197	148	25906
isoComp_00392551	geneComp_00087826	ENST00000535503.5	ANAPC15	ANAPC15	X48HPI	X72HPI	0.16	0	-0.16	0.000142383561839197	149	25906
isoComp_00430008	geneComp_00096448	ENST00000411819.1	MSH6	MSH6	X48HPI	X72HPI	0.171	0.342	0.17	0.000142383561839197	150	2956
isoComp_00430009	geneComp_00096448	ENST00000420813.5	MSH6	MSH6	X48HPI	X72HPI	0.135	0	-0.135	0.000142383561839197	151	2956
isoComp_00236481	geneComp_00052876	ENST00000490528.1	ALKBH4	ALKBH4	X24HPI	X48HPI	0	0.222	0.222	0.000147262233059474	152	54784
isoComp_00065860	geneComp_00014762	ENST00000435468.1	TBC1D2B	TBC1D2B	X0HPI	X24HPI	0	0.229	0.229	0.000170612693693851	153	23102
isoComp_00400069	geneComp_00089460	ENST00000536154.5	CCDC91	CCDC91	X48HPI	X72HPI	0.198	0.329	0.131	0.000176294993647147	154	55297
isoComp_00400076	geneComp_00089460	ENST00000543019.1	CCDC91	CCDC91	X48HPI	X72HPI	0.348	0	-0.348	0.000176294993647147	155	55297
isoComp_00240831	geneComp_00053738	ENST00000540052.6	BCORL1	BCORL1	X24HPI	X48HPI	0.532	0.416	-0.117	0.000179632455286494	156	63035
isoComp_00302123	geneComp_00067693	ENST00000376008.3	TMEM51	TMEM51	X24HPI	X48HPI	0.297	0.777	0.479	0.000179632455286494	157	55092
isoComp_00303150	geneComp_00067925	ENST00000304842.6	TPST1	TPST1	X24HPI	X48HPI	0.596	0.772	0.176	0.000179867231083997	158	8460
isoComp_00303662	geneComp_00068054	ENST00000645961.1	TRIM8	TRIM8	X24HPI	X48HPI	0	0.138	0.138	0.000185692640957172	159	81603
isoComp_00358319	geneComp_00080409	ENST00000373492.6	PBX3	PBX3	X24HPI	X72HPI	0.345	0	-0.345	0.000187918857981571	160	5090
isoComp_00279378	geneComp_00062738	ENST00000568364.6	ORC6	ORC6	X24HPI	X48HPI	0.128	0	-0.128	0.000189793390314619	161	23594
isoComp_00239913	geneComp_00053569	ENST00000635082.1	ATRIP	ATRIP	X24HPI	X48HPI	0.154	0	-0.154	0.000194870917377986	162	84126
isoComp_00303153	geneComp_00067925	ENST00000649664.1	TPST1	TPST1	X24HPI	X48HPI	0.199	0	-0.199	0.000194870917377986	163	8460
isoComp_00040200	geneComp_00009116	ENST00000524068.5	MRNIP	MRNIP	X0HPI	X24HPI	0	0.16	0.16	0.000207325785447263	164	51149
isoComp_00045732	geneComp_00010403	ENST00000568364.6	ORC6	ORC6	X0HPI	X24HPI	0	0.128	0.128	0.000210989333154625	165	23594
isoComp_00166430	geneComp_00037125	ENST00000543019.1	CCDC91	CCDC91	X0HPI	X72HPI	0.336	0	-0.336	0.000235841665930379	166	55297
isoComp_00187470	geneComp_00042117	ENST00000650730.1	IGSF1	IGSF1	X0HPI	X72HPI	0.275	0	-0.275	0.000235841665930379	167	3547
isoComp_00187472	geneComp_00042117	ENST00000651556.1	IGSF1	IGSF1	X0HPI	X72HPI	0.323	0.454	0.13	0.000235841665930379	168	3547
isoComp_00190757	geneComp_00042875	ENST00000260508.9	KYAT3	KYAT3	X0HPI	X72HPI	0.35	0	-0.35	0.000235841665930379	169	56267
isoComp_00190759	geneComp_00042875	ENST00000370491.7	KYAT3	KYAT3	X0HPI	X72HPI	0.442	0.774	0.332	0.000235841665930379	170	56267
isoComp_00211614	geneComp_00047467	ENST00000524954.1	RNF170	RNF170	X0HPI	X72HPI	0	0.627	0.627	0.000235841665930379	171	81790
isoComp_00315392	geneComp_00070533	ENST00000528815.5	AP2A2	AP2A2	X24HPI	X72HPI	0.504	0.609	0.105	0.000237797944883692	172	161
isoComp_00094950	geneComp_00021061	ENST00000568838.2	DBNDD1	DBNDD1	X0HPI	X48HPI	0.418	0.133	-0.286	0.000242153371009063	173	79007
isoComp_00108135	geneComp_00024337	ENST00000572812.5	HMOX2	HMOX2	X0HPI	X48HPI	0	0.18	0.18	0.000242153371009063	174	3163
isoComp_00108139	geneComp_00024337	ENST00000575129.5	HMOX2	HMOX2	X0HPI	X48HPI	0.376	0.248	-0.128	0.000242153371009063	175	3163
isoComp_00094947	geneComp_00021061	ENST00000002501.11	DBNDD1	DBNDD1	X0HPI	X48HPI	0	0.282	0.282	0.000247403139904048	176	79007
isoComp_00293803	geneComp_00065839	ENST00000262352.8	SLC1A1	SLC1A1	X24HPI	X48HPI	1	0.725	-0.275	0.000248087244572325	177	6505
isoComp_00302125	geneComp_00067693	ENST00000428417.5	TMEM51	TMEM51	X24HPI	X48HPI	0.58	0	-0.58	0.000250822521943574	178	55092
isoComp_00069504	geneComp_00015590	ENST00000304842.6	TPST1	TPST1	X0HPI	X24HPI	0.782	0.596	-0.186	0.000265020226075698	179	8460
isoComp_00005335	geneComp_00001057	ENST00000431535.5	ASCC2	ASCC2	X0HPI	X24HPI	0	0.123	0.123	0.000268515081114942	180	84164
isoComp_00267160	geneComp_00059950	ENST00000525720.1	KBTBD4	KBTBD4	X24HPI	X48HPI	0.21	0	-0.21	0.000270310440911364	181	55709
isoComp_00339872	geneComp_00076208	ENST00000398812.6	GRB10	GRB10	X24HPI	X72HPI	0.269	0	-0.269	0.000277699441641603	182	2887
isoComp_00288892	geneComp_00064770	ENST00000585701.5	RHBDF2	RHBDF2	X24HPI	X48HPI	0	0.181	0.181	0.000279682304954618	183	79651
isoComp_00315391	geneComp_00070533	ENST00000526753.5	AP2A2	AP2A2	X24HPI	X72HPI	0.222	0	-0.222	0.000280359610581295	184	161
isoComp_00298130	geneComp_00066785	ENST00000399169.8	STOX1	STOX1	X24HPI	X48HPI	0	0.438	0.438	0.000281482819511783	185	219736
isoComp_00049036	geneComp_00011124	ENST00000243501.10	PLA2G12A	PLA2G12A	X0HPI	X24HPI	0.384	0.706	0.322	0.000290266640684799	186	81579
isoComp_00069507	geneComp_00015590	ENST00000649664.1	TPST1	TPST1	X0HPI	X24HPI	0	0.199	0.199	0.000294249278020068	187	8460
isoComp_00031617	geneComp_00007195	ENST00000560144.1	IGF1R	IGF1R	X0HPI	X24HPI	0.37	0	-0.37	0.000294662375534141	188	3480
isoComp_00330482	geneComp_00073750	ENST00000678005.2	DNAJC14	DNAJC14	X24HPI	X72HPI	0	0.263	0.263	0.000318612107236016	189	85406
isoComp_00352736	geneComp_00079141	ENST00000317040.12	MVB12A	MVB12A	X24HPI	X72HPI	0.79	0.934	0.144	0.000318612107236016	190	93343
isoComp_00358316	geneComp_00080409	ENST00000373482.6	PBX3	PBX3	X24HPI	X72HPI	0	0.345	0.345	0.000318612107236016	191	5090
isoComp_00366760	geneComp_00082212	ENST00000318622.8	RHBDD2	RHBDD2	X24HPI	X72HPI	0	0.241	0.241	0.000318612107236016	192	57414
isoComp_00366762	geneComp_00082212	ENST00000454791.1	RHBDD2	RHBDD2	X24HPI	X72HPI	0.231	0	-0.231	0.000318612107236016	193	57414
isoComp_00273846	geneComp_00061451	ENST00000524068.5	MRNIP	MRNIP	X24HPI	X48HPI	0.16	0	-0.16	0.000325052416688324	194	51149
isoComp_00408363	geneComp_00091195	ENST00000547445.2	DNAJC14	DNAJC14	X48HPI	X72HPI	0.708	0.449	-0.258	0.000342090309191128	195	85406
isoComp_00452153	geneComp_00101304	ENST00000409341.5	SP100	SP100	X48HPI	X72HPI	0	0.502	0.502	0.000342090309191128	196	6672
isoComp_00452154	geneComp_00101304	ENST00000409824.5	SP100	SP100	X48HPI	X72HPI	0.373	0	-0.373	0.000342090309191128	197	6672
isoComp_00186384	geneComp_00041861	ENST00000355906.10	HP	HP	X0HPI	X72HPI	1	0.474	-0.526	0.000351029518535282	198	3240
isoComp_00186390	geneComp_00041861	ENST00000568417.6	HP	HP	X0HPI	X72HPI	0	0.519	0.519	0.000351029518535282	199	3240
isoComp_00389179	geneComp_00087168	ENST00000591366.5	ZNF93	ZNF93	X24HPI	X72HPI	0.309	0.44	0.131	0.000353018507692223	200	81931
isoComp_00109276	geneComp_00024607	ENST00000679923.1	IFIT3	IFIT3	X0HPI	X48HPI	0.792	0	-0.792	0.000370367161362745	201	3437
isoComp_00111943	geneComp_00025199	ENST00000391627.6	KIAA0930	KIAA0930	X0HPI	X48HPI	0.478	0.617	0.139	0.000370367161362745	202	23313
isoComp_00011290	geneComp_00002390	ENST00000536586.7	CD9	CD9	X0HPI	X24HPI	0.201	0	-0.201	0.000382295828568698	203	928
isoComp_00044551	geneComp_00010057	ENST00000450507.5	NRP2	NRP2	X0HPI	X24HPI	0	0.521	0.521	0.000382295828568698	204	8828
isoComp_00329079	geneComp_00073487	ENST00000566216.5	DDX19B	DDX19B	X24HPI	X72HPI	0.159	0	-0.159	0.000385436215169187	205	11269
isoComp_00329596	geneComp_00073581	ENST00000264057.7	DGKD	DGKD	X24HPI	X72HPI	0.562	0.918	0.356	0.000385436215169187	206	8527
isoComp_00209057	geneComp_00046919	ENST00000330852.10	RAB28	RAB28	X0HPI	X72HPI	0.441	0.603	0.162	0.000419419813114787	207	9364
isoComp_00273833	geneComp_00061451	ENST00000292586.11	MRNIP	MRNIP	X24HPI	X48HPI	0	0.163	0.163	0.000419935854568116	208	51149
isoComp_00240828	geneComp_00053738	ENST00000218147.11	BCORL1	BCORL1	X24HPI	X48HPI	0	0.1	0.1	0.000457556142207985	209	63035
isoComp_00408364	geneComp_00091195	ENST00000678005.2	DNAJC14	DNAJC14	X48HPI	X72HPI	0	0.263	0.263	0.000458646883486091	210	85406
isoComp_00023717	geneComp_00005297	ENST00000513277.5	FAM169A	FAM169A	X0HPI	X24HPI	0.22	0.323	0.103	0.000477902478520382	211	26049
isoComp_00060157	geneComp_00013504	ENST00000262352.8	SLC1A1	SLC1A1	X0HPI	X24HPI	0.765	1	0.235	0.000488743647987305	212	6505
isoComp_00209059	geneComp_00046919	ENST00000510528.1	RAB28	RAB28	X0HPI	X72HPI	0.169	0	-0.169	0.000489681949156929	213	9364
isoComp_00174717	geneComp_00038860	ENST00000547445.2	DNAJC14	DNAJC14	X0HPI	X72HPI	0.64	0.449	-0.191	0.000500304700906077	214	85406
isoComp_00007069	geneComp_00001383	ENST00000337565.9	BCL2L11	BCL2L11	X0HPI	X24HPI	0.23	0	-0.23	0.000509261879661049	215	10018
isoComp_00352738	geneComp_00079141	ENST00000528604.5	MVB12A	MVB12A	X24HPI	X72HPI	0.182	0	-0.182	0.000528301769917708	216	93343
isoComp_00257611	geneComp_00057696	ENST00000419205.5	FAM3A	FAM3A	X24HPI	X48HPI	0	0.113	0.113	0.000537328051443949	217	60343
isoComp_00367089	geneComp_00082294	ENST00000269221.8	RMC1	RMC1	X24HPI	X72HPI	0.588	0.792	0.204	0.000544071013631928	218	29919
isoComp_00381541	geneComp_00085499	ENST00000643100.1	TRIM8	TRIM8	X24HPI	X72HPI	0.32	0.159	-0.162	0.000544071013631928	219	81603
isoComp_00389181	geneComp_00087168	ENST00000638737.1	ZNF93	ZNF93	X24HPI	X72HPI	0.133	0	-0.133	0.000544071013631928	220	81931
isoComp_00239832	geneComp_00053554	ENST00000343533.9	ATP7A	ATP7A	X24HPI	X48HPI	0.477	0.33	-0.147	0.000545825381262853	221	538
isoComp_00248940	geneComp_00055588	ENST00000504228.6	CRACD	CRACD	X24HPI	X48HPI	0.238	0	-0.238	0.000545825381262853	222	57482
isoComp_00111944	geneComp_00025199	ENST00000414854.5	KIAA0930	KIAA0930	X0HPI	X48HPI	0.192	0	-0.192	0.000553768241601834	223	23313
isoComp_00284893	geneComp_00063921	ENST00000528746.5	PRDM10	PRDM10	X24HPI	X48HPI	0.41	0	-0.41	0.000554756248193535	224	56980
isoComp_00001217	geneComp_00000230	ENST00000255082.8	ACY3	ACY3	X0HPI	X24HPI	1	0.865	-0.135	0.000562529653263778	225	91703
isoComp_00049037	geneComp_00011124	ENST00000502283.1	PLA2G12A	PLA2G12A	X0HPI	X24HPI	0.245	0	-0.245	0.000562529653263778	226	81579
isoComp_00277309	geneComp_00062194	ENST00000409991.5	NLRX1	NLRX1	X24HPI	X48HPI	0	0.844	0.844	0.000569408517164962	227	79671
isoComp_00289654	geneComp_00064948	ENST00000583753.5	RNF43	RNF43	X24HPI	X48HPI	0	0.145	0.145	0.000569408517164962	228	54894
isoComp_00174718	geneComp_00038860	ENST00000678005.2	DNAJC14	DNAJC14	X0HPI	X72HPI	0	0.263	0.263	0.000572105625433494	229	85406
isoComp_00203805	geneComp_00045826	ENST00000262764.11	PGS1	PGS1	X0HPI	X72HPI	0.216	0.38	0.164	0.000572105625433494	230	9489
isoComp_00270932	geneComp_00060878	ENST00000560451.5	MAN2A2	MAN2A2	X24HPI	X48HPI	0	0.102	0.102	0.000593869899742127	231	4122
isoComp_00242495	geneComp_00054150	ENST00000343010.8	C3orf62	C3orf62	X24HPI	X48HPI	0.542	0.718	0.176	0.000612651059098214	232	375341
isoComp_00318597	geneComp_00071163	ENST00000337565.9	BCL2L11	BCL2L11	X24HPI	X72HPI	0	0.288	0.288	0.000620819927564627	233	10018
isoComp_00358932	geneComp_00080562	ENST00000559742.5	PDE8A	PDE8A	X24HPI	X72HPI	0	0.166	0.166	0.000620819927564627	234	5151
isoComp_00381544	geneComp_00085499	ENST00000645961.1	TRIM8	TRIM8	X24HPI	X72HPI	0	0.164	0.164	0.000620819927564627	235	81603
isoComp_00382414	geneComp_00085671	ENST00000360742.9	TTI2	TTI2	X24HPI	X72HPI	0.597	0.385	-0.212	0.000620819927564627	236	80185
isoComp_00370392	geneComp_00082993	ENST00000380546.7	SERPINB6	SERPINB6	X24HPI	X72HPI	0.409	0.651	0.242	0.000624199150280931	237	5269
isoComp_00372483	geneComp_00083468	ENST00000507109.5	SLC38A9	SLC38A9	X24HPI	X72HPI	0.081	0.219	0.138	0.000624199150280931	238	153129
isoComp_00451810	geneComp_00101228	ENST00000338523.9	SNX10	SNX10	X48HPI	X72HPI	0.31	0.208	-0.103	0.000629205251656027	239	29887
isoComp_00024043	geneComp_00005382	ENST00000530324.5	FAM76A	FAM76A	X0HPI	X24HPI	0	0.269	0.269	0.000630306628713937	240	199870
isoComp_00203811	geneComp_00045826	ENST00000589425.5	PGS1	PGS1	X0HPI	X72HPI	0.269	0	-0.269	0.000641698038729238	241	9489
isoComp_00370390	geneComp_00082993	ENST00000380520.6	SERPINB6	SERPINB6	X24HPI	X72HPI	0.238	0	-0.238	0.000664217275130894	242	5269
isoComp_00418215	geneComp_00093750	ENST00000355904.9	GTF2E2	GTF2E2	X48HPI	X72HPI	0.998	0.894	-0.104	0.000665139774316636	243	2961
isoComp_00143283	geneComp_00032100	ENST00000373790.9	TAF1	TAF1	X0HPI	X48HPI	0.357	0	-0.357	0.000688652259493316	244	6872
isoComp_00249173	geneComp_00055641	ENST00000601916.1	CRTC1	CRTC1	X24HPI	X48HPI	0.685	0.576	-0.11	0.00071464107188776	245	23373
isoComp_00266860	geneComp_00059887	ENST00000283928.10	JAZF1	JAZF1	X24HPI	X48HPI	0.916	0.627	-0.289	0.000736981251189976	246	221895
isoComp_00105033	geneComp_00023565	ENST00000225394.8	GIT1	GIT1	X0HPI	X48HPI	0.781	0.676	-0.105	0.000742576380706326	247	28964
isoComp_00145945	geneComp_00032695	ENST00000437356.7	TMEM169	TMEM169	X0HPI	X48HPI	0.442	0.211	-0.23	0.000742576380706326	248	92691
isoComp_00451811	geneComp_00101228	ENST00000396376.5	SNX10	SNX10	X48HPI	X72HPI	0	0.15	0.15	0.000778556699832704	249	29887
isoComp_00456380	geneComp_00102215	ENST00000373874.6	TGIF2	TGIF2	X48HPI	X72HPI	0	0.214	0.214	0.000778556699832704	250	60436
isoComp_00257364	geneComp_00057632	ENST00000514200.5	FAM169A	FAM169A	X24HPI	X48HPI	0	0.184	0.184	0.000780703149557349	251	26049
isoComp_00293804	geneComp_00065839	ENST00000422398.1	SLC1A1	SLC1A1	X24HPI	X48HPI	0	0.275	0.275	0.000780703149557349	252	6505
isoComp_00367094	geneComp_00082294	ENST00000590870.5	RMC1	RMC1	X24HPI	X72HPI	0.282	0	-0.282	0.000788941197404398	253	29919
isoComp_00382417	geneComp_00085671	ENST00000523305.1	TTI2	TTI2	X24HPI	X72HPI	0	0.224	0.224	0.000788941197404398	254	80185
isoComp_00388125	geneComp_00086923	ENST00000596929.5	ZNF544	ZNF544	X24HPI	X72HPI	0.418	0.315	-0.104	0.000788941197404398	255	27300
isoComp_00388673	geneComp_00087043	ENST00000372503.2	ZNF691	ZNF691	X24HPI	X72HPI	0	0.232	0.232	0.000788941197404398	256	51058
isoComp_00372486	geneComp_00083468	ENST00000512208.5	SLC38A9	SLC38A9	X24HPI	X72HPI	0.116	0	-0.116	0.00082630521232211	257	153129
isoComp_00381807	geneComp_00085553	ENST00000546133.5	TRPT1	TRPT1	X24HPI	X72HPI	0.363	0	-0.363	0.00082630521232211	258	83707
isoComp_00383363	geneComp_00085864	ENST00000553674.1	UBR7	UBR7	X24HPI	X72HPI	0.14	0.254	0.114	0.00082630521232211	259	55148
isoComp_00192139	geneComp_00043194	ENST00000446961.4	LRRC20	LRRC20	X0HPI	X72HPI	0.424	0	-0.424	0.000851756119306998	260	55222
isoComp_00396926	geneComp_00088709	ENST00000417573.5	BMP4	BMP4	X48HPI	X72HPI	0	0.357	0.357	0.000902838763721829	261	652
isoComp_00339518	geneComp_00076102	ENST00000379019.7	GPCPD1	GPCPD1	X24HPI	X72HPI	0.468	0.582	0.114	0.000924899920925276	262	56261
isoComp_00377015	geneComp_00084453	ENST00000294168.8	TAF6L	TAF6L	X24HPI	X72HPI	0.786	0.522	-0.263	0.000924899920925276	263	10629
isoComp_00435803	geneComp_00097775	ENST00000589048.2	PALM3	PALM3	X48HPI	X72HPI	0	0.315	0.315	0.000932945491536965	264	342979
isoComp_00418217	geneComp_00093750	ENST00000518599.5	GTF2E2	GTF2E2	X48HPI	X72HPI	0	0.106	0.106	0.000946478785021449	265	2961
isoComp_00292389	geneComp_00065522	ENST00000642903.1	SERAC1	SERAC1	X24HPI	X48HPI	0.148	0.354	0.205	0.000954122442087938	266	84947
isoComp_00145946	geneComp_00032695	ENST00000454545.5	TMEM169	TMEM169	X0HPI	X48HPI	0	0.314	0.314	0.000994366001155372	267	92691
isoComp_00235499	geneComp_00052708	ENST00000317233.8	AFF3	AFF3	X24HPI	X48HPI	0.289	0.456	0.168	0.00104508078248041	268	3899
isoComp_00136660	geneComp_00030637	ENST00000529151.5	SERGEF	SERGEF	X0HPI	X48HPI	0.242	0	-0.242	0.00106099394606572	269	26297
isoComp_00339870	geneComp_00076208	ENST00000357271.9	GRB10	GRB10	X24HPI	X72HPI	0	0.121	0.121	0.00106217625615771	270	2887
isoComp_00076563	geneComp_00017136	ENST00000591340.6	ZNF529	ZNF529	X0HPI	X24HPI	0.283	0	-0.283	0.00109561011880069	271	57711
isoComp_00239204	geneComp_00053439	ENST00000376485.8	ATAT1	ATAT1	X24HPI	X48HPI	0.462	0.666	0.205	0.00114090085400517	272	79969
isoComp_00241619	geneComp_00053911	ENST00000514989.1	BST1	BST1	X24HPI	X48HPI	0	0.389	0.389	0.00114090085400517	273	683
isoComp_00011771	geneComp_00002492	ENST00000424848.3	CDK6	CDK6	X0HPI	X24HPI	1	0.784	-0.216	0.00118481511923777	274	1021
isoComp_00105034	geneComp_00023565	ENST00000394869.7	GIT1	GIT1	X0HPI	X48HPI	0	0.162	0.162	0.00118902432280998	275	28964
isoComp_00383366	geneComp_00085864	ENST00000555329.1	UBR7	UBR7	X24HPI	X72HPI	0.164	0	-0.164	0.00120060448239305	276	55148
isoComp_00404703	geneComp_00090478	ENST00000264229.11	CRACD	CRACD	X48HPI	X72HPI	0.409	0	-0.409	0.0012126580758508	277	57482
isoComp_00417990	geneComp_00093711	ENST00000394175.6	GSDMB	GSDMB	X48HPI	X72HPI	0.54	0.641	0.101	0.0012126580758508	278	55876
isoComp_00388126	geneComp_00086923	ENST00000597240.5	ZNF544	ZNF544	X24HPI	X72HPI	0	0.171	0.171	0.00123238929044389	279	27300
isoComp_00436202	geneComp_00097854	ENST00000428092.1	PBX3	PBX3	X48HPI	X72HPI	0.235	0	-0.235	0.00126400513220726	280	5090
isoComp_00335397	geneComp_00075119	ENST00000379081.5	FAM219A	FAM219A	X24HPI	X72HPI	0.719	0.457	-0.262	0.00127426878064467	281	203259
isoComp_00377018	geneComp_00084453	ENST00000529509.1	TAF6L	TAF6L	X24HPI	X72HPI	0	0.261	0.261	0.00127426878064467	282	10629
isoComp_00144681	geneComp_00032400	ENST00000572393.1	TFAP4	TFAP4	X0HPI	X48HPI	0	0.33	0.33	0.00128679184267681	283	7023
isoComp_00173943	geneComp_00038708	ENST00000574309.5	DHODH	DHODH	X0HPI	X72HPI	0.238	0	-0.238	0.00132246267729096	284	1723
isoComp_00031107	geneComp_00007100	ENST00000359051.7	HYAL3	HYAL3	X0HPI	X24HPI	0.152	0	-0.152	0.00132969752019032	285	8372
isoComp_00404704	geneComp_00090478	ENST00000504228.6	CRACD	CRACD	X48HPI	X72HPI	0	0.367	0.367	0.00135594577072042	286	57482
isoComp_00416561	geneComp_00093345	ENST00000225394.8	GIT1	GIT1	X48HPI	X72HPI	0.676	0.899	0.222	0.00135594577072042	287	28964
isoComp_00044250	geneComp_00009997	ENST00000399953.7	NPRL3	NPRL3	X0HPI	X24HPI	0.545	0.43	-0.115	0.00137752026069751	288	8131
isoComp_00339520	geneComp_00076102	ENST00000633552.1	GPCPD1	GPCPD1	X24HPI	X72HPI	0.168	0	-0.168	0.00144469982924178	289	56261
isoComp_00195531	geneComp_00043915	ENST00000543409.5	MNX1	MNX1	X0HPI	X72HPI	0.403	0.767	0.364	0.00151014555146521	290	3110
isoComp_00374209	geneComp_00083836	ENST00000256637.8	SORT1	SORT1	X24HPI	X72HPI	0.506	0.606	0.1	0.00152837322214684	291	6272
isoComp_00382213	geneComp_00085633	ENST00000442859.5	TTC12	TTC12	X24HPI	X72HPI	0.551	0.268	-0.283	0.00152837322214684	292	54970
isoComp_00417992	geneComp_00093711	ENST00000468820.1	GSDMB	GSDMB	X48HPI	X72HPI	0.216	0	-0.216	0.00155343103520978	293	55876
isoComp_00195529	geneComp_00043915	ENST00000469500.5	MNX1	MNX1	X0HPI	X72HPI	0.46	0	-0.46	0.00162410452033653	294	3110
isoComp_00229615	geneComp_00051419	ENST00000394942.2	WDR89	WDR89	X0HPI	X72HPI	0.343	0	-0.343	0.00162410452033653	295	112840
isoComp_00229617	geneComp_00051419	ENST00000620954.2	WDR89	WDR89	X0HPI	X72HPI	0	0.354	0.354	0.00162410452033653	296	112840
isoComp_00433937	geneComp_00097278	ENST00000444096.5	NRM	NRM	X48HPI	X72HPI	0.843	0.594	-0.249	0.00167558414164474	297	11270
isoComp_00268176	geneComp_00060199	ENST00000514860.5	KLHL2	KLHL2	X24HPI	X48HPI	0.615	0.802	0.187	0.00170287386164546	298	11275
isoComp_00305563	geneComp_00068434	ENST00000372215.5	UCK1	UCK1	X24HPI	X48HPI	0.621	0.799	0.178	0.00170287386164546	299	83549
isoComp_00414454	geneComp_00092856	ENST00000230124.8	FIG4	FIG4	X48HPI	X72HPI	0.347	0.62	0.273	0.00171898774650338	300	9896
isoComp_00387268	geneComp_00086733	ENST00000391961.6	ZNF227	ZNF227	X24HPI	X72HPI	0.432	0.316	-0.116	0.00172992492294057	301	7770
isoComp_00112412	geneComp_00025309	ENST00000514860.5	KLHL2	KLHL2	X0HPI	X48HPI	0.548	0.802	0.254	0.00174595010802018	302	11275
isoComp_00153121	geneComp_00034296	ENST00000445203.6	ZGRF1	ZGRF1	X0HPI	X48HPI	0	0.343	0.343	0.00174595010802018	303	55345
isoComp_00153126	geneComp_00034296	ENST00000505019.6	ZGRF1	ZGRF1	X0HPI	X48HPI	0.442	0	-0.442	0.00174595010802018	304	55345
isoComp_00354113	geneComp_00079410	ENST00000309979.11	NDST2	NDST2	X24HPI	X72HPI	0.587	1	0.413	0.00183694253337686	305	8509
isoComp_00025350	geneComp_00005695	ENST00000254090.9	FMO5	FMO5	X0HPI	X24HPI	0	0.106	0.106	0.00194170475038436	306	2330
isoComp_00307521	geneComp_00068870	ENST00000358147.8	WDSUB1	WDSUB1	X24HPI	X48HPI	0	0.199	0.199	0.00200804880116236	307	151525
isoComp_00041116	geneComp_00009337	ENST00000324489.5	MTURN	MTURN	X0HPI	X24HPI	0	0.549	0.549	0.00202781107016596	308	222166
isoComp_00021131	geneComp_00004416	ENST00000455879.5	ELMO1	ELMO1	X0HPI	X24HPI	0.208	0	-0.208	0.00202980394290971	309	9844
isoComp_00231008	geneComp_00051741	ENST00000505019.6	ZGRF1	ZGRF1	X0HPI	X72HPI	0.442	0	-0.442	0.00204949615844021	310	55345
isoComp_00060158	geneComp_00013504	ENST00000422398.1	SLC1A1	SLC1A1	X0HPI	X24HPI	0.235	0	-0.235	0.0020545737712857	311	6505
isoComp_00180341	geneComp_00040402	ENST00000376770.5	FBXO44	FBXO44	X0HPI	X72HPI	0	0.178	0.178	0.00212096729013297	312	93611
isoComp_00231003	geneComp_00051741	ENST00000445203.6	ZGRF1	ZGRF1	X0HPI	X72HPI	0	0.314	0.314	0.00212096729013297	313	55345
isoComp_00380036	geneComp_00085147	ENST00000260403.7	TMEM62	TMEM62	X24HPI	X72HPI	0.202	0.358	0.156	0.00216504436419242	314	80021
isoComp_00357573	geneComp_00080270	ENST00000426003.1	P3H2	P3H2	X24HPI	X72HPI	0	0.25	0.25	0.00217438051686673	315	55214
isoComp_00001218	geneComp_00000230	ENST00000529256.1	ACY3	ACY3	X0HPI	X24HPI	0	0.135	0.135	0.00224220945620454	316	91703
isoComp_00063049	geneComp_00014159	ENST00000472876.5	SPECC1	SPECC1	X0HPI	X24HPI	0.31	0.207	-0.103	0.00224220945620454	317	92521
isoComp_00315475	geneComp_00070546	ENST00000439416.5	AP4M1	AP4M1	X24HPI	X72HPI	0.281	0	-0.281	0.00227511838345895	318	9179
isoComp_00353441	geneComp_00079290	ENST00000403363.5	NAGA	NAGA	X24HPI	X72HPI	0.134	0	-0.134	0.00227511838345895	319	4668
isoComp_00361127	geneComp_00081036	ENST00000460350.5	PLSCR4	PLSCR4	X24HPI	X72HPI	0	0.296	0.296	0.00227511838345895	320	57088
isoComp_00374211	geneComp_00083836	ENST00000493736.5	SORT1	SORT1	X24HPI	X72HPI	0.128	0	-0.128	0.00232723861191099	321	6272
isoComp_00092224	geneComp_00020484	ENST00000552248.5	CNTN1	CNTN1	X0HPI	X48HPI	0.468	0	-0.468	0.00234982229274962	322	1272
isoComp_00416562	geneComp_00093345	ENST00000394869.7	GIT1	GIT1	X48HPI	X72HPI	0.162	0	-0.162	0.00240235510730309	323	28964
isoComp_00023718	geneComp_00005297	ENST00000514200.5	FAM169A	FAM169A	X0HPI	X24HPI	0.114	0	-0.114	0.00243664293759335	324	26049
isoComp_00089682	geneComp_00019944	ENST00000521755.1	CDKL3	CDKL3	X0HPI	X48HPI	0	0.692	0.692	0.00248228117677232	325	51265
isoComp_00152575	geneComp_00034180	ENST00000395064.3	ZBTB9	ZBTB9	X0HPI	X48HPI	1	0.723	-0.277	0.00248228117677232	326	221504
isoComp_00255160	geneComp_00056821	ENST00000520221.5	ENO3	ENO3	X24HPI	X48HPI	0.003	0.201	0.198	0.00254362216386404	327	2027
isoComp_00281069	geneComp_00063121	ENST00000402802.7	PDGFA	PDGFA	X24HPI	X48HPI	0.965	0.742	-0.224	0.00254362216386404	328	5154
isoComp_00461489	geneComp_00103372	ENST00000276893.10	UHRF2	UHRF2	X48HPI	X72HPI	0.876	0.702	-0.174	0.00255669093654745	329	115426
isoComp_00096283	geneComp_00021307	ENST00000616709.4	DIPK1A	DIPK1A	X0HPI	X48HPI	0.452	0.343	-0.109	0.00256855951085587	330	388650
isoComp_00003223	geneComp_00000621	ENST00000672088.1	ANK2	ANK2	X0HPI	X24HPI	0.175	0.016	-0.159	0.00257156036679696	331	287
isoComp_00305561	geneComp_00068434	ENST00000372210.7	UCK1	UCK1	X24HPI	X48HPI	0.166	0	-0.166	0.00259210262226597	332	83549
isoComp_00257404	geneComp_00057644	ENST00000410048.5	FAM183A	FAM183A	X24HPI	X48HPI	0.757	0.882	0.125	0.00261346836043599	333	440585
isoComp_00078822	geneComp_00017624	ENST00000614302.5	ACSF3	ACSF3	X0HPI	X48HPI	0	0.185	0.185	0.00261887121256612	334	197322
isoComp_00092568	geneComp_00020568	ENST00000278980.11	COMMD7	COMMD7	X0HPI	X48HPI	0.983	0.831	-0.152	0.00261887121256612	335	149951
isoComp_00111374	geneComp_00025052	ENST00000565672.5	KATNIP	KATNIP	X0HPI	X48HPI	0.271	0	-0.271	0.00261887121256612	336	23247
isoComp_00111375	geneComp_00025052	ENST00000568258.5	KATNIP	KATNIP	X0HPI	X48HPI	0	0.262	0.262	0.00261887121256612	337	23247
isoComp_00112410	geneComp_00025309	ENST00000509704.5	KLHL2	KLHL2	X0HPI	X48HPI	0.19	0	-0.19	0.00261887121256612	338	11275
isoComp_00147447	geneComp_00033051	ENST00000560371.5	TRAF3	TRAF3	X0HPI	X48HPI	0	0.279	0.279	0.00261887121256612	339	7187
isoComp_00152003	geneComp_00034042	ENST00000371199.8	XIAP	XIAP	X0HPI	X48HPI	0.689	0.313	-0.376	0.00261887121256612	340	331
isoComp_00155354	geneComp_00034795	ENST00000486474.5	ZNF808	ZNF808	X0HPI	X48HPI	0.375	0	-0.375	0.00261887121256612	341	388558
isoComp_00155441	geneComp_00034810	ENST00000559185.5	ZNF839	ZNF839	X0HPI	X48HPI	0.409	0.659	0.25	0.00261887121256612	342	55778
isoComp_00156224	geneComp_00034979	ENST00000513371.1	ABHD18	ABHD18	X0HPI	X72HPI	0.295	0	-0.295	0.00266719516064055	343	80167
isoComp_00131439	geneComp_00029532	ENST00000395595.8	RABL2B	RABL2B	X0HPI	X48HPI	0.542	0.429	-0.113	0.00267928696729377	344	11158
isoComp_00043291	geneComp_00009755	ENST00000493697.1	NFIB	NFIB	X0HPI	X24HPI	0.475	0	-0.475	0.00269931656073768	345	4781
isoComp_00348160	geneComp_00078153	ENST00000542846.5	LRTOMT	LRTOMT	X24HPI	X72HPI	0.395	0	-0.395	0.00274195484684388	346	220074
isoComp_00367781	geneComp_00082441	ENST00000331302.12	RPH3AL	RPH3AL	X24HPI	X72HPI	0.224	0	-0.224	0.00274524949774214	347	9501
isoComp_00380038	geneComp_00085147	ENST00000565291.5	TMEM62	TMEM62	X24HPI	X72HPI	0.254	0	-0.254	0.00281884971967184	348	80021
isoComp_00268174	geneComp_00060199	ENST00000509704.5	KLHL2	KLHL2	X24HPI	X48HPI	0.193	0	-0.193	0.00287083582154023	349	11275
isoComp_00249172	geneComp_00055641	ENST00000594658.5	CRTC1	CRTC1	X24HPI	X48HPI	0	0.202	0.202	0.00288129909791346	350	23373
isoComp_00008874	geneComp_00001826	ENST00000508622.1	C4orf33	C4orf33	X0HPI	X24HPI	0	0.142	0.142	0.00292609517905792	351	132321
isoComp_00043734	geneComp_00009873	ENST00000496751.1	NMNAT1	NMNAT1	X0HPI	X24HPI	0.128	0	-0.128	0.00293881854451487	352	64802
isoComp_00152576	geneComp_00034180	ENST00000612407.1	ZBTB9	ZBTB9	X0HPI	X48HPI	0	0.271	0.271	0.00295945284639868	353	221504
isoComp_00047685	geneComp_00010854	ENST00000255389.10	PEMT	PEMT	X0HPI	X24HPI	0.979	0.811	-0.167	0.00296097539847948	354	10400
isoComp_00263741	geneComp_00059198	ENST00000336648.8	HLCS	HLCS	X24HPI	X48HPI	0.508	0.291	-0.217	0.00298134965183335	355	3141
isoComp_00242496	geneComp_00054150	ENST00000424960.1	C3orf62	C3orf62	X24HPI	X48HPI	0.133	0	-0.133	0.00299259118571513	356	375341
isoComp_00433936	geneComp_00097278	ENST00000376420.9	NRM	NRM	X48HPI	X72HPI	0	0.235	0.235	0.00309903676808856	357	11270
isoComp_00436201	geneComp_00097854	ENST00000373492.6	PBX3	PBX3	X48HPI	X72HPI	0.178	0	-0.178	0.00313089881233924	358	5090
isoComp_00092569	geneComp_00020568	ENST00000446419.6	COMMD7	COMMD7	X0HPI	X48HPI	0	0.151	0.151	0.00315918914359332	359	149951
isoComp_00096282	geneComp_00021307	ENST00000615519.4	DIPK1A	DIPK1A	X0HPI	X48HPI	0	0.145	0.145	0.00316921838422824	360	388650
isoComp_00354112	geneComp_00079410	ENST00000299641.8	NDST2	NDST2	X24HPI	X72HPI	0.361	0	-0.361	0.00325542443585658	361	8509
isoComp_00411791	geneComp_00092224	ENST00000454226.5	EPB41L1	EPB41L1	X48HPI	X72HPI	0.308	0	-0.308	0.00328055488034974	362	2036
isoComp_00071915	geneComp_00016099	ENST00000372210.7	UCK1	UCK1	X0HPI	X24HPI	0	0.166	0.166	0.00334645003068987	363	83549
isoComp_00414455	geneComp_00092856	ENST00000415980.2	FIG4	FIG4	X48HPI	X72HPI	0.179	0	-0.179	0.00335344096485729	364	9896
isoComp_00183754	geneComp_00041212	ENST00000379019.7	GPCPD1	GPCPD1	X0HPI	X72HPI	0.432	0.582	0.15	0.00342692261241036	365	56261
isoComp_00227843	geneComp_00051037	ENST00000276893.10	UHRF2	UHRF2	X0HPI	X72HPI	0.877	0.702	-0.175	0.00342692261241036	366	115426
isoComp_00011770	geneComp_00002492	ENST00000265734.8	CDK6	CDK6	X0HPI	X24HPI	0	0.216	0.216	0.00347003064617966	367	1021
isoComp_00240715	geneComp_00053718	ENST00000337565.9	BCL2L11	BCL2L11	X24HPI	X48HPI	0	0.267	0.267	0.00349530259761053	368	10018
isoComp_00138403	geneComp_00031036	ENST00000546047.6	SLC26A11	SLC26A11	X0HPI	X48HPI	0	0.2	0.2	0.00352576417674146	369	284129
isoComp_00235508	geneComp_00052708	ENST00000671937.1	AFF3	AFF3	X24HPI	X48HPI	0.154	0	-0.154	0.00353363774153341	370	3899
isoComp_00224981	geneComp_00050429	ENST00000463256.5	TOR2A	TOR2A	X0HPI	X72HPI	0.307	0	-0.307	0.00356618699677748	371	27433
isoComp_00225573	geneComp_00050555	ENST00000338700.10	TRIM2	TRIM2	X0HPI	X72HPI	0.57	0.328	-0.241	0.00356618699677748	372	23321
isoComp_00315474	geneComp_00070546	ENST00000438383.5	AP4M1	AP4M1	X24HPI	X72HPI	0	0.156	0.156	0.00357669588864891	373	9179
isoComp_00319356	geneComp_00071332	ENST00000341446.9	BRI3BP	BRI3BP	X24HPI	X72HPI	1	0.798	-0.202	0.00357669588864891	374	140707
isoComp_00387267	geneComp_00086733	ENST00000313040.12	ZNF227	ZNF227	X24HPI	X72HPI	0	0.115	0.115	0.00357669588864891	375	7770
isoComp_00316770	geneComp_00070818	ENST00000643851.1	ASAH2B	ASAH2B	X24HPI	X72HPI	0.381	0	-0.381	0.00360491533020334	376	653308
isoComp_00309803	geneComp_00069375	ENST00000551109.5	ZNF385A	ZNF385A	X24HPI	X48HPI	0	0.758	0.758	0.0036457110272387	377	25946
isoComp_00277329	geneComp_00062199	ENST00000376392.10	NME1-NME2	NME1-NME2	X24HPI	X48HPI	0.094	1	0.906	0.00385711847149133	378	654364
isoComp_00244639	geneComp_00054651	ENST00000503454.5	CCT5	CCT5	X24HPI	X48HPI	0	0.125	0.125	0.00402203477838973	379	22948
isoComp_00244641	geneComp_00054651	ENST00000512975.5	CCT5	CCT5	X24HPI	X48HPI	0.12	0.01	-0.111	0.00402203477838973	380	22948
isoComp_00044251	geneComp_00009997	ENST00000419636.1	NPRL3	NPRL3	X0HPI	X24HPI	0	0.101	0.101	0.00408875772114267	381	8131
isoComp_00297794	geneComp_00066719	ENST00000337288.10	STARD7	STARD7	X24HPI	X48HPI	0.998	0.892	-0.106	0.00416722879116036	382	56910
isoComp_00030095	geneComp_00006863	ENST00000336648.8	HLCS	HLCS	X0HPI	X24HPI	0.406	0.508	0.102	0.00427978328022635	383	3141
isoComp_00170106	geneComp_00037929	ENST00000552248.5	CNTN1	CNTN1	X0HPI	X72HPI	0.468	0	-0.468	0.00434151108042737	384	1272
isoComp_00183756	geneComp_00041212	ENST00000633552.1	GPCPD1	GPCPD1	X0HPI	X72HPI	0.164	0	-0.164	0.00434151108042737	385	56261
isoComp_00195912	geneComp_00043991	ENST00000494949.5	MRAS	MRAS	X0HPI	X72HPI	0.385	0	-0.385	0.00434151108042737	386	22808
isoComp_00226456	geneComp_00050743	ENST00000525965.5	TTC12	TTC12	X0HPI	X72HPI	0	0.332	0.332	0.00434151108042737	387	54970
isoComp_00170102	geneComp_00037929	ENST00000548005.5	CNTN1	CNTN1	X0HPI	X72HPI	0	0.322	0.322	0.0044338225333574	388	1272
isoComp_00195612	geneComp_00043934	ENST00000296473.7	MON1A	MON1A	X0HPI	X72HPI	0.986	0.633	-0.353	0.0044338225333574	389	84315
isoComp_00227845	geneComp_00051037	ENST00000450508.1	UHRF2	UHRF2	X0HPI	X72HPI	0	0.163	0.163	0.0044338225333574	390	115426
isoComp_00297795	geneComp_00066719	ENST00000443962.1	STARD7	STARD7	X24HPI	X48HPI	0.002	0.108	0.106	0.00468259558369228	391	56910
isoComp_00219654	geneComp_00049236	ENST00000393805.6	ST3GAL5	ST3GAL5	X0HPI	X72HPI	0.284	0	-0.284	0.00468577563153891	392	8869
isoComp_00127766	geneComp_00028764	ENST00000428202.7	POC5	POC5	X0HPI	X48HPI	0.77	0.57	-0.2	0.0046860881757217	393	134359
isoComp_00131435	geneComp_00029532	ENST00000354869.7	RABL2B	RABL2B	X0HPI	X48HPI	0	0.14	0.14	0.0046860881757217	394	11158
isoComp_00043683	geneComp_00009864	ENST00000376392.10	NME1-NME2	NME1-NME2	X0HPI	X24HPI	1	0.094	-0.906	0.00473031316820207	395	654364
isoComp_00461491	geneComp_00103372	ENST00000450508.1	UHRF2	UHRF2	X48HPI	X72HPI	0	0.163	0.163	0.00479820240049019	396	115426
isoComp_00382292	geneComp_00085644	ENST00000495038.5	TTC26	TTC26	X24HPI	X72HPI	0.315	0.425	0.111	0.00484249045755397	397	79989
isoComp_00029749	geneComp_00006780	ENST00000452979.5	HERC3	HERC3	X0HPI	X24HPI	0.241	0	-0.241	0.00495091054085524	398	8916
isoComp_00236806	geneComp_00052940	ENST00000261819.8	ANAPC5	ANAPC5	X24HPI	X48HPI	0.438	0.569	0.131	0.00505094500427967	399	51433
isoComp_00012145	geneComp_00002589	ENST00000269392.8	CEP131	CEP131	X0HPI	X24HPI	0.329	0	-0.329	0.00514764124678806	400	22994
isoComp_00156470	geneComp_00035023	ENST00000586346.5	ACBD4	ACBD4	X0HPI	X72HPI	0.496	0.279	-0.216	0.00518100228830725	401	79777
isoComp_00180338	geneComp_00040402	ENST00000251547.10	FBXO44	FBXO44	X0HPI	X72HPI	0.123	0	-0.123	0.00518100228830725	402	93611
isoComp_00202549	geneComp_00045517	ENST00000627490.2	PBX1	PBX1	X0HPI	X72HPI	0.153	0	-0.153	0.00518100228830725	403	5087
isoComp_00207497	geneComp_00046574	ENST00000396908.8	PROSER3	PROSER3	X0HPI	X72HPI	0.112	0.222	0.11	0.00518100228830725	404	148137
isoComp_00220288	geneComp_00049348	ENST00000640086.1	STRADA	STRADA	X0HPI	X72HPI	0	0.113	0.113	0.00518100228830725	405	92335
isoComp_00224979	geneComp_00050429	ENST00000336067.10	TOR2A	TOR2A	X0HPI	X72HPI	0	0.208	0.208	0.00518100228830725	406	27433
isoComp_00110459	geneComp_00024860	ENST00000455191.5	IQCG	IQCG	X0HPI	X48HPI	0.505	0.367	-0.139	0.00530275761318464	407	84223
isoComp_00431552	geneComp_00096775	ENST00000680254.1	NAXD	NAXD	X48HPI	X72HPI	0.511	0.675	0.164	0.00531776437437417	408	55739
isoComp_00236811	geneComp_00052940	ENST00000544442.5	ANAPC5	ANAPC5	X24HPI	X48HPI	0.101	0.001	-0.1	0.00559833202529995	409	51433
isoComp_00188172	geneComp_00042272	ENST00000251334.7	INTS2	INTS2	X0HPI	X72HPI	0.896	0.673	-0.223	0.0056496665041839	410	57508
isoComp_00225594	geneComp_00050555	ENST00000676029.1	TRIM2	TRIM2	X0HPI	X72HPI	0	0.143	0.143	0.0056496665041839	411	23321
isoComp_00015526	geneComp_00003306	ENST00000594658.5	CRTC1	CRTC1	X0HPI	X24HPI	0.24	0	-0.24	0.00570431513274774	412	23373
isoComp_00358313	geneComp_00080407	ENST00000627490.2	PBX1	PBX1	X24HPI	X72HPI	0.141	0	-0.141	0.00579478274482522	413	5087
isoComp_00223012	geneComp_00049948	ENST00000603357.3	TIGD2	TIGD2	X0HPI	X72HPI	1	0.872	-0.128	0.00583232343796692	414	166815
isoComp_00005497	geneComp_00001089	ENST00000507978.5	ASTE1	ASTE1	X0HPI	X24HPI	0.36	0.202	-0.158	0.00590077431809601	415	28990
isoComp_00099614	geneComp_00022045	ENST00000471530.5	ENSG00000257921.6	NA	X0HPI	X48HPI	0	0.412	0.412	0.00598938824635831	416	NULL
isoComp_00143408	geneComp_00032128	ENST00000529792.5	TAGLN	TAGLN	X0HPI	X48HPI	0	0.527	0.527	0.00613137960102294	417	6876
isoComp_00155443	geneComp_00034810	ENST00000560568.5	ZNF839	ZNF839	X0HPI	X48HPI	0.179	0	-0.179	0.00615140866137382	418	55778
isoComp_00309993	geneComp_00069411	ENST00000304060.10	ZNF440	ZNF440	X24HPI	X48HPI	0.721	0.585	-0.136	0.00634275433042313	419	126070
isoComp_00319357	geneComp_00071332	ENST00000672415.1	BRI3BP	BRI3BP	X24HPI	X72HPI	0	0.202	0.202	0.00635493789621127	420	140707
isoComp_00064521	geneComp_00014458	ENST00000638708.1	STRADA	STRADA	X0HPI	X24HPI	0.067	0.233	0.166	0.00651112037862788	421	92335
isoComp_00281068	geneComp_00063121	ENST00000400761.7	PDGFA	PDGFA	X24HPI	X48HPI	0	0.222	0.222	0.00651987849587245	422	5154
isoComp_00152004	geneComp_00034042	ENST00000422098.5	XIAP	XIAP	X0HPI	X48HPI	0	0.207	0.207	0.00682972006034077	423	331
isoComp_00165663	geneComp_00036949	ENST00000341926.7	CAST	CAST	X0HPI	X72HPI	0.217	0	-0.217	0.00684419048830165	424	831
isoComp_00165681	geneComp_00036949	ENST00000511782.5	CAST	CAST	X0HPI	X72HPI	0.013	0.206	0.193	0.00684419048830165	425	831
isoComp_00195614	geneComp_00043934	ENST00000455683.6	MON1A	MON1A	X0HPI	X72HPI	0	0.354	0.354	0.006847509315652	426	84315
isoComp_00207496	geneComp_00046574	ENST00000301165.9	PROSER3	PROSER3	X0HPI	X72HPI	0.134	0	-0.134	0.006847509315652	427	148137
isoComp_00063059	geneComp_00014159	ENST00000680373.1	SPECC1	SPECC1	X0HPI	X24HPI	0	0.106	0.106	0.00686302824324261	428	92521
isoComp_00230457	geneComp_00051625	ENST00000395064.3	ZBTB9	ZBTB9	X0HPI	X72HPI	1	0.727	-0.273	0.00691938604450767	429	221504
isoComp_00377053	geneComp_00084463	ENST00000529622.1	TAGLN	TAGLN	X24HPI	X72HPI	0.67	0	-0.67	0.00695304585966978	430	6876
isoComp_00014338	geneComp_00003039	ENST00000548005.5	CNTN1	CNTN1	X0HPI	X24HPI	0	0.192	0.192	0.00702369497065816	431	1272
isoComp_00047687	geneComp_00010854	ENST00000395783.5	PEMT	PEMT	X0HPI	X24HPI	0.008	0.179	0.171	0.00702369497065816	432	10400
isoComp_00241618	geneComp_00053911	ENST00000514445.5	BST1	BST1	X24HPI	X48HPI	0.273	0	-0.273	0.00706030407462909	433	683
isoComp_00035036	geneComp_00007993	ENST00000368136.3	L3MBTL3	L3MBTL3	X0HPI	X24HPI	0	0.141	0.141	0.00711278172817991	434	84456
isoComp_00015479	geneComp_00003289	ENST00000354620.4	CRISP3	CRISP3	X0HPI	X24HPI	0.199	0.451	0.252	0.00717822006812154	435	10321
isoComp_00064506	geneComp_00014458	ENST00000375840.9	STRADA	STRADA	X0HPI	X24HPI	0.185	0	-0.185	0.00717822006812154	436	92335
isoComp_00156471	geneComp_00035023	ENST00000589798.5	ACBD4	ACBD4	X0HPI	X72HPI	0	0.231	0.231	0.0072195480770643	437	79777
isoComp_00371821	geneComp_00083317	ENST00000261892.11	SLC24A1	SLC24A1	X24HPI	X72HPI	0	0.262	0.262	0.0072662639934614	438	9187
isoComp_00005496	geneComp_00001089	ENST00000504964.1	ASTE1	ASTE1	X0HPI	X24HPI	0	0.23	0.23	0.00744111116980155	439	28990
isoComp_00263395	geneComp_00059115	ENST00000452979.5	HERC3	HERC3	X24HPI	X48HPI	0	0.239	0.239	0.0075272210721172	440	8916
isoComp_00076161	geneComp_00017041	ENST00000438871.2	ZNF385B	ZNF385B	X0HPI	X24HPI	0	0.235	0.235	0.00756885150389292	441	151126
isoComp_00346565	geneComp_00077773	ENST00000368139.6	L3MBTL3	L3MBTL3	X24HPI	X72HPI	0	0.224	0.224	0.0075976529409473	442	84456
isoComp_00362775	geneComp_00081366	ENST00000528746.5	PRDM10	PRDM10	X24HPI	X72HPI	0.41	0	-0.41	0.00778616483551743	443	56980
isoComp_00110456	geneComp_00024860	ENST00000416896.1	IQCG	IQCG	X0HPI	X48HPI	0	0.252	0.252	0.00803808355286121	444	84223
isoComp_00231688	geneComp_00051882	ENST00000544719.6	ZNF285	ZNF285	X0HPI	X72HPI	0.598	0.805	0.207	0.00807036606866337	445	26974
isoComp_00246903	geneComp_00055149	ENST00000566614.5	CIAO3	CIAO3	X24HPI	X48HPI	0	0.436	0.436	0.0082945226784253	446	64428
isoComp_00328878	geneComp_00073457	ENST00000334635.10	DCUN1D4	DCUN1D4	X24HPI	X72HPI	0.141	0.013	-0.128	0.008365402838496	447	23142
isoComp_00328880	geneComp_00073457	ENST00000451288.6	DCUN1D4	DCUN1D4	X24HPI	X72HPI	0	0.14	0.14	0.00838629796711603	448	23142
isoComp_00068812	geneComp_00015442	ENST00000274456.6	TNFAIP8	TNFAIP8	X0HPI	X24HPI	0.584	0.152	-0.432	0.00840213837332631	449	25816
isoComp_00076163	geneComp_00017041	ENST00000451732.6	ZNF385B	ZNF385B	X0HPI	X24HPI	0.221	0	-0.221	0.00840213837332631	450	151126
isoComp_00076645	geneComp_00017154	ENST00000252840.11	ZNF557	ZNF557	X0HPI	X24HPI	0.652	1	0.348	0.00840213837332631	451	79230
isoComp_00246901	geneComp_00055149	ENST00000565065.5	CIAO3	CIAO3	X24HPI	X48HPI	0.39	0.074	-0.315	0.00841105169611319	452	64428
isoComp_00382287	geneComp_00085644	ENST00000343187.8	TTC26	TTC26	X24HPI	X72HPI	0.22	0	-0.22	0.00865765002571319	453	79989
isoComp_00265445	geneComp_00059585	ENST00000555003.5	IL11RA	IL11RA	X24HPI	X48HPI	0.397	0.219	-0.178	0.00866205779936796	454	3590
isoComp_00188177	geneComp_00042272	ENST00000647009.1	INTS2	INTS2	X0HPI	X72HPI	0	0.255	0.255	0.00888370916123796	455	57508
isoComp_00404955	geneComp_00090538	ENST00000528961.6	CRYAB	CRYAB	X48HPI	X72HPI	0	0.484	0.484	0.0089348148436438	456	1410
isoComp_00042513	geneComp_00009623	ENST00000427047.6	NDOR1	NDOR1	X0HPI	X24HPI	0.137	0	-0.137	0.00917959368166877	457	27158
isoComp_00289901	geneComp_00064996	ENST00000573588.5	RPH3AL	RPH3AL	X24HPI	X48HPI	0	0.153	0.153	0.00922118390546123	458	9501
isoComp_00215114	geneComp_00048208	ENST00000380631.5	SH3BGR	SH3BGR	X0HPI	X72HPI	0	0.668	0.668	0.00924469441250208	459	6450
isoComp_00190801	geneComp_00042883	ENST00000368139.6	L3MBTL3	L3MBTL3	X0HPI	X72HPI	0	0.224	0.224	0.0096559072583973	460	84456
isoComp_00158209	geneComp_00035376	ENST00000380448.5	AKR1C4	AKR1C4	X0HPI	X72HPI	1	0.373	-0.627	0.0097450110935941	461	1109
isoComp_00223011	geneComp_00049948	ENST00000317005.2	TIGD2	TIGD2	X0HPI	X72HPI	0	0.128	0.128	0.0097450110935941	462	166815
isoComp_00230458	geneComp_00051625	ENST00000612407.1	ZBTB9	ZBTB9	X0HPI	X72HPI	0	0.24	0.24	0.0097450110935941	463	221504
isoComp_00195135	geneComp_00043836	ENST00000277632.8	MINDY3	MINDY3	X0HPI	X72HPI	0.97	0.79	-0.18	0.0101683462042689	464	80013
isoComp_00194817	geneComp_00043775	ENST00000641538.1	MFSD8	MFSD8	X0HPI	X72HPI	0.103	0	-0.103	0.0102279481644279	465	256471
isoComp_00153809	geneComp_00034437	ENST00000591679.5	ZNF285	ZNF285	X0HPI	X48HPI	0.28	0	-0.28	0.0102617383565234	466	26974
isoComp_00259602	geneComp_00058202	ENST00000523739.5	FZD6	FZD6	X24HPI	X48HPI	0	0.265	0.265	0.0102626629850731	467	8323
isoComp_00232323	geneComp_00052026	ENST00000585960.5	ZNF529	ZNF529	X0HPI	X72HPI	0	0.38	0.38	0.0104119241137496	468	57711
isoComp_00133762	geneComp_00030030	ENST00000373456.11	RNF19B	RNF19B	X0HPI	X48HPI	0.641	0.409	-0.232	0.0105647390925387	469	127544
isoComp_00117730	geneComp_00026489	ENST00000296473.7	MON1A	MON1A	X0HPI	X48HPI	0.986	0.787	-0.199	0.0107935498174912	470	84315
isoComp_00309807	geneComp_00069376	ENST00000438871.2	ZNF385B	ZNF385B	X24HPI	X48HPI	0.235	0	-0.235	0.0109741237417836	471	151126
isoComp_00255969	geneComp_00057327	ENST00000359293.5	EOLA1	EOLA1	X24HPI	X48HPI	0.507	0	-0.507	0.0110607677936265	472	91966
isoComp_00431553	geneComp_00096775	ENST00000680312.1	NAXD	NAXD	X48HPI	X72HPI	0.18	0	-0.18	0.0111045557531277	473	55739
isoComp_00236650	geneComp_00052919	ENST00000272647.10	AMMECR1L	AMMECR1L	X24HPI	X48HPI	0	0.317	0.317	0.0111926500446658	474	83607
isoComp_00320043	geneComp_00071492	ENST00000378313.7	C19orf54	C19orf54	X24HPI	X72HPI	0.626	0.488	-0.138	0.0112046090440895	475	284325
isoComp_00270279	geneComp_00060708	ENST00000642510.1	LRTOMT	LRTOMT	X24HPI	X48HPI	0.128	0	-0.128	0.0112625783539821	476	220074
isoComp_00203883	geneComp_00045839	ENST00000379374.5	PHEX	PHEX	X0HPI	X72HPI	0.385	0.718	0.333	0.0115270875325916	477	5251
isoComp_00220270	geneComp_00049348	ENST00000375840.9	STRADA	STRADA	X0HPI	X72HPI	0.185	0	-0.185	0.0115270875325916	478	92335
isoComp_00055770	geneComp_00012558	ENST00000578107.5	RNF138	RNF138	X0HPI	X24HPI	0.372	0.5	0.128	0.0115520393285566	479	51444
isoComp_00158208	geneComp_00035376	ENST00000263126.3	AKR1C4	AKR1C4	X0HPI	X72HPI	0	0.627	0.627	0.0116438699731563	480	1109
isoComp_00017939	geneComp_00003775	ENST00000550587.6	DEPDC4	DEPDC4	X0HPI	X24HPI	0.216	0.36	0.145	0.0118396163630324	481	120863
isoComp_00350931	geneComp_00078733	ENST00000556753.5	MIPOL1	MIPOL1	X24HPI	X72HPI	0	0.424	0.424	0.012209875318094	482	145282
isoComp_00198746	geneComp_00044591	ENST00000403422.7	NEIL2	NEIL2	X0HPI	X72HPI	0.451	0	-0.451	0.0124079514428353	483	252969
isoComp_00406479	geneComp_00090842	ENST00000357275.6	DBNDD2	DBNDD2	X48HPI	X72HPI	0.868	0.754	-0.114	0.0124893501192942	484	55861
isoComp_00002615	geneComp_00000513	ENST00000672352.1	ALDH5A1	ALDH5A1	X0HPI	X24HPI	0.296	0.475	0.18	0.0128370774883457	485	7915
isoComp_00450968	geneComp_00101044	ENST00000304905.10	SLFN12	SLFN12	X48HPI	X72HPI	0.578	0.72	0.143	0.0129938460005751	486	55106
isoComp_00008850	geneComp_00001815	ENST00000424960.1	C3orf62	C3orf62	X0HPI	X24HPI	0	0.133	0.133	0.0131216632375919	487	375341
isoComp_00200311	geneComp_00044947	ENST00000357785.10	NRP2	NRP2	X0HPI	X72HPI	0.583	0.277	-0.306	0.0131381664594607	488	8828
isoComp_00093972	geneComp_00020858	ENST00000503622.5	CTNND2	CTNND2	X0HPI	X48HPI	0	0.193	0.193	0.0134594165010446	489	1501
isoComp_00030097	geneComp_00006863	ENST00000427746.1	HLCS	HLCS	X0HPI	X24HPI	0.161	0	-0.161	0.0135250523710789	490	3141
isoComp_00352107	geneComp_00078999	ENST00000265081.7	MSH3	MSH3	X24HPI	X72HPI	0.272	0.488	0.217	0.013594241371551	491	4437
isoComp_00361924	geneComp_00081190	ENST00000668382.1	POT1	POT1	X24HPI	X72HPI	0.619	0.499	-0.12	0.013594241371551	492	25913
isoComp_00371713	geneComp_00083286	ENST00000681440.1	SLC1A3	SLC1A3	X24HPI	X72HPI	0	0.347	0.347	0.013594241371551	493	6507
isoComp_00253322	geneComp_00056458	ENST00000355917.7	DTNBP1	DTNBP1	X24HPI	X48HPI	0.29	0	-0.29	0.014034213819844	494	84062
isoComp_00230906	geneComp_00051719	ENST00000573113.3	ZFP90	ZFP90	X0HPI	X72HPI	0	0.112	0.112	0.014424869605681	495	146198
isoComp_00231691	geneComp_00051882	ENST00000591679.5	ZNF285	ZNF285	X0HPI	X72HPI	0.28	0	-0.28	0.015055001700006	496	26974
isoComp_00004221	geneComp_00000831	ENST00000258530.8	APPL2	APPL2	X0HPI	X24HPI	0.669	0.541	-0.127	0.0151813714757167	497	55198
isoComp_00350930	geneComp_00078733	ENST00000556615.5	MIPOL1	MIPOL1	X24HPI	X72HPI	0.293	0.018	-0.274	0.0152409349409123	498	145282
isoComp_00203884	geneComp_00045839	ENST00000682888.1	PHEX	PHEX	X0HPI	X72HPI	0.434	0	-0.434	0.0155759151935916	499	5251
isoComp_00255159	geneComp_00056821	ENST00000519602.6	ENO3	ENO3	X24HPI	X48HPI	0.409	0.053	-0.357	0.0161185241417258	500	2027
isoComp_00004089	geneComp_00000794	ENST00000590561.5	APLP1	APLP1	X0HPI	X24HPI	0.35	0	-0.35	0.0161799750965554	501	333
isoComp_00302744	geneComp_00067848	ENST00000536554.5	TOM1L1	TOM1L1	X24HPI	X48HPI	0.398	0.515	0.117	0.0163765323518008	502	10040
isoComp_00153451	geneComp_00034368	ENST00000590088.5	ZNF180	ZNF180	X0HPI	X48HPI	0.585	0.774	0.189	0.0164756499066181	503	7733
isoComp_00133760	geneComp_00030030	ENST00000235150.5	RNF19B	RNF19B	X0HPI	X48HPI	0	0.239	0.239	0.0165557655112605	504	127544
isoComp_00361900	geneComp_00081188	ENST00000361988.7	PORCN	PORCN	X24HPI	X72HPI	0.268	0	-0.268	0.0167007406786937	505	64840
isoComp_00405693	geneComp_00090655	ENST00000679625.1	CTSO	CTSO	X48HPI	X72HPI	0.458	0	-0.458	0.0168910096755469	506	1519
isoComp_00441546	geneComp_00099016	ENST00000358514.9	PSMB10	PSMB10	X48HPI	X72HPI	0.74	1	0.26	0.0168910096755469	507	5699
isoComp_00454520	geneComp_00101814	ENST00000367251.7	SYNE1	SYNE1	X48HPI	X72HPI	0.37	0.495	0.125	0.0168910096755469	508	23345
isoComp_00460102	geneComp_00103078	ENST00000525965.5	TTC12	TTC12	X48HPI	X72HPI	0	0.332	0.332	0.0168910096755469	509	54970
isoComp_00382220	geneComp_00085633	ENST00000525965.5	TTC12	TTC12	X24HPI	X72HPI	0	0.332	0.332	0.016894182939149	510	54970
isoComp_00143291	geneComp_00032100	ENST00000683782.1	TAF1	TAF1	X0HPI	X48HPI	0.183	0	-0.183	0.0169023457486473	511	6872
isoComp_00257403	geneComp_00057644	ENST00000410025.5	FAM183A	FAM183A	X24HPI	X48HPI	0.121	0	-0.121	0.017338430151863	512	440585
isoComp_00254108	geneComp_00056627	ENST00000531972.5	EFEMP2	EFEMP2	X24HPI	X48HPI	0.059	0.346	0.287	0.0174671013762632	513	30008
isoComp_00048440	geneComp_00011012	ENST00000347755.10	PIDD1	PIDD1	X0HPI	X24HPI	0.35	0	-0.35	0.0175437420464418	514	55367
isoComp_00168435	geneComp_00037575	ENST00000531413.5	CFL1	CFL1	X0HPI	X72HPI	0	0.132	0.132	0.017732020873282	515	1072
isoComp_00168437	geneComp_00037575	ENST00000534769.5	CFL1	CFL1	X0HPI	X72HPI	0.223	0.074	-0.149	0.017732020873282	516	1072
isoComp_00174074	geneComp_00038735	ENST00000457308.6	DHX57	DHX57	X0HPI	X72HPI	0.982	0.813	-0.169	0.017732020873282	517	90957
isoComp_00226045	geneComp_00050664	ENST00000399759.7	TRPV1	TRPV1	X0HPI	X72HPI	0	0.317	0.317	0.017732020873282	518	7442
isoComp_00378609	geneComp_00084801	ENST00000521655.1	THG1L	THG1L	X24HPI	X72HPI	0.558	0.686	0.128	0.0177406715343123	519	54974
isoComp_00249941	geneComp_00055766	ENST00000681728.1	CTSS	CTSS	X24HPI	X48HPI	0	0.273	0.273	0.0177745647558831	520	1520
isoComp_00078812	geneComp_00017624	ENST00000317447.9	ACSF3	ACSF3	X0HPI	X48HPI	0.125	0	-0.125	0.0179374501770931	521	197322
isoComp_00159710	geneComp_00035656	ENST00000438383.5	AP4M1	AP4M1	X0HPI	X72HPI	0	0.156	0.156	0.0181706694002458	522	9179
isoComp_00195138	geneComp_00043836	ENST00000436829.1	MINDY3	MINDY3	X0HPI	X72HPI	0	0.148	0.148	0.0181706694002458	523	80013
isoComp_00232163	geneComp_00051978	ENST00000592829.5	ZNF461	ZNF461	X0HPI	X72HPI	0.476	0.054	-0.422	0.0181706694002458	524	92283
isoComp_00180481	geneComp_00040440	ENST00000288078.11	FCSK	FCSK	X0HPI	X72HPI	0.385	0.541	0.156	0.0190566975392383	525	197258
isoComp_00131908	geneComp_00029608	ENST00000344041.10	RAPGEF5	RAPGEF5	X0HPI	X48HPI	0.919	0.649	-0.27	0.0191313029087358	526	9771
isoComp_00266907	geneComp_00059900	ENST00000427389.5	JOSD1	JOSD1	X24HPI	X48HPI	0.053	0.205	0.152	0.0192791573382787	527	9929
isoComp_00266905	geneComp_00059900	ENST00000412832.1	JOSD1	JOSD1	X24HPI	X48HPI	0.2	0	-0.2	0.0193472900444884	528	9929
isoComp_00268672	geneComp_00060326	ENST00000649698.1	L3MBTL1	L3MBTL1	X24HPI	X48HPI	0.254	0.128	-0.126	0.0193472900444884	529	26013
isoComp_00307897	geneComp_00068961	ENST00000321448.12	XRRA1	XRRA1	X24HPI	X48HPI	0.207	0	-0.207	0.0193472900444884	530	143570
isoComp_00191449	geneComp_00043020	ENST00000540815.2	LGR5	LGR5	X0HPI	X72HPI	0.275	0.401	0.126	0.0194648122414023	531	8549
isoComp_00200315	geneComp_00044947	ENST00000450507.5	NRP2	NRP2	X0HPI	X72HPI	0	0.402	0.402	0.0194648122414023	532	8828
isoComp_00242040	geneComp_00054013	ENST00000602675.5	C16orf74	C16orf74	X24HPI	X48HPI	0.92	0.798	-0.123	0.0197387903621606	533	404550
isoComp_00292017	geneComp_00065456	ENST00000582290.5	SECTM1	SECTM1	X24HPI	X48HPI	0	0.2	0.2	0.0199076401176378	534	6398
isoComp_00004229	geneComp_00000831	ENST00000553109.1	APPL2	APPL2	X0HPI	X24HPI	0.005	0.14	0.135	0.0200466345709484	535	55198
isoComp_00237344	geneComp_00053058	ENST00000415424.5	ANXA1	ANXA1	X24HPI	X48HPI	0.075	0.278	0.203	0.0201760744287135	536	301
isoComp_00099013	geneComp_00021861	ENST00000455879.5	ELMO1	ELMO1	X0HPI	X48HPI	0.208	0	-0.208	0.020226354093084	537	9844
isoComp_00055772	geneComp_00012558	ENST00000580499.1	RNF138	RNF138	X0HPI	X24HPI	0.179	0	-0.179	0.020288706355706	538	51444
isoComp_00127767	geneComp_00028764	ENST00000446329.6	POC5	POC5	X0HPI	X48HPI	0	0.209	0.209	0.0203919274065167	539	134359
isoComp_00237654	geneComp_00053113	ENST00000502841.5	APBB2	APBB2	X24HPI	X48HPI	0.143	0	-0.143	0.0213798333609827	540	323
isoComp_00059280	geneComp_00013301	ENST00000573150.5	SGSH	SGSH	X0HPI	X24HPI	0.463	0.609	0.146	0.0216285767152359	541	6448
isoComp_00380600	geneComp_00085289	ENST00000555874.5	TOGARAM1	TOGARAM1	X24HPI	X72HPI	0.249	0	-0.249	0.0218496186359176	542	23116
isoComp_00253960	geneComp_00056596	ENST00000298049.12	EEF1A2	EEF1A2	X24HPI	X48HPI	0	0.323	0.323	0.0218888700797905	543	1917
isoComp_00309809	geneComp_00069376	ENST00000451732.6	ZNF385B	ZNF385B	X24HPI	X48HPI	0	0.196	0.196	0.0218953555737499	544	151126
isoComp_00406480	geneComp_00090842	ENST00000372710.5	DBNDD2	DBNDD2	X48HPI	X72HPI	0	0.139	0.139	0.0220505761589052	545	55861
isoComp_00055792	geneComp_00012562	ENST00000320892.11	RNF144A	RNF144A	X0HPI	X24HPI	0.726	0.887	0.161	0.0221943730536331	546	9781
isoComp_00081379	geneComp_00018126	ENST00000544612.6	ANKRD49	ANKRD49	X0HPI	X48HPI	0.44	0.042	-0.398	0.0224106512996084	547	54851
isoComp_00454936	geneComp_00101908	ENST00000529792.5	TAGLN	TAGLN	X48HPI	X72HPI	0.527	0	-0.527	0.0225368164895618	548	6876
isoComp_00302742	geneComp_00067848	ENST00000348161.8	TOM1L1	TOM1L1	X24HPI	X48HPI	0.1	0	-0.1	0.022580024994029	549	10040
isoComp_00070310	geneComp_00015778	ENST00000628380.2	TRRAP	TRRAP	X0HPI	X24HPI	0.058	0.174	0.116	0.0226146755500313	550	8295
isoComp_00070308	geneComp_00015778	ENST00000446306.7	TRRAP	TRRAP	X0HPI	X24HPI	0.209	0	-0.209	0.0226672433437475	551	8295
isoComp_00171308	geneComp_00038203	ENST00000528628.5	CRYAB	CRYAB	X0HPI	X72HPI	0	0.358	0.358	0.0228529024137646	552	1410
isoComp_00081372	geneComp_00018126	ENST00000302755.4	ANKRD49	ANKRD49	X0HPI	X48HPI	0	0.37	0.37	0.0230352920883011	553	54851
isoComp_00411782	geneComp_00092224	ENST00000373945.5	EPB41L1	EPB41L1	X48HPI	X72HPI	0	0.195	0.195	0.0233843104107833	554	2036
isoComp_00441547	geneComp_00099016	ENST00000574576.2	PSMB10	PSMB10	X48HPI	X72HPI	0.26	0	-0.26	0.0233843104107833	555	5699
isoComp_00456745	geneComp_00102310	ENST00000586057.5	TIMP2	TIMP2	X48HPI	X72HPI	0.773	0	-0.773	0.0233843104107833	556	7077
isoComp_00459374	geneComp_00102926	ENST00000494486.1	TRIM59	TRIM59	X48HPI	X72HPI	0.32	0.494	0.174	0.0233843104107833	557	286827
isoComp_00361898	geneComp_00081188	ENST00000355961.8	PORCN	PORCN	X24HPI	X72HPI	0	0.318	0.318	0.0234604037111906	558	64840
isoComp_00317025	geneComp_00070869	ENST00000507978.5	ASTE1	ASTE1	X24HPI	X72HPI	0.202	0.318	0.116	0.0234810640489804	559	28990
isoComp_00320048	geneComp_00071492	ENST00000598352.1	C19orf54	C19orf54	X24HPI	X72HPI	0	0.128	0.128	0.0235502414106422	560	284325
isoComp_00206134	geneComp_00046298	ENST00000355961.8	PORCN	PORCN	X0HPI	X72HPI	0.06	0.318	0.258	0.0237549236642194	561	64840
isoComp_00399248	geneComp_00089272	ENST00000447121.2	CASP3	CASP3	X48HPI	X72HPI	0.02	0.21	0.19	0.024259970078838	562	836
isoComp_00399249	geneComp_00089272	ENST00000517513.5	CASP3	CASP3	X48HPI	X72HPI	0.235	0	-0.235	0.024259970078838	563	836
isoComp_00433379	geneComp_00097149	ENST00000445023.6	NOSTRIN	NOSTRIN	X48HPI	X72HPI	0.44	0.238	-0.201	0.024259970078838	564	115677
isoComp_00445994	geneComp_00099945	ENST00000295959.10	RPP14	RPP14	X48HPI	X72HPI	0.653	0.778	0.125	0.024259970078838	565	11102
isoComp_00036373	geneComp_00008304	ENST00000395010.5	LRRC20	LRRC20	X0HPI	X24HPI	0.147	0	-0.147	0.0245458223213726	566	55222
isoComp_00300615	geneComp_00067325	ENST00000373872.9	TGIF2	TGIF2	X24HPI	X48HPI	0.032	0.262	0.23	0.0246333135841195	567	60436
isoComp_00265443	geneComp_00059585	ENST00000466082.1	IL11RA	IL11RA	X24HPI	X48HPI	0	0.19	0.19	0.0249172557757166	568	3590
isoComp_00300616	geneComp_00067325	ENST00000373874.6	TGIF2	TGIF2	X24HPI	X48HPI	0.259	0	-0.259	0.0249172557757166	569	60436
isoComp_00333851	geneComp_00074772	ENST00000359293.5	EOLA1	EOLA1	X24HPI	X72HPI	0.507	0	-0.507	0.0250467979153359	570	91966
isoComp_00017938	geneComp_00003775	ENST00000549341.1	DEPDC4	DEPDC4	X0HPI	X24HPI	0.301	0	-0.301	0.025149505783134	571	120863
isoComp_00192396	geneComp_00043263	ENST00000542846.5	LRTOMT	LRTOMT	X0HPI	X72HPI	0.456	0	-0.456	0.0253011195540895	572	220074
isoComp_00192136	geneComp_00043194	ENST00000373224.5	LRRC20	LRRC20	X0HPI	X72HPI	0	0.297	0.297	0.0254269659275023	573	55222
isoComp_00450971	geneComp_00101044	ENST00000447040.6	SLFN12	SLFN12	X48HPI	X72HPI	0.17	0	-0.17	0.0254689280271478	574	55106
isoComp_00465727	geneComp_00104295	ENST00000221315.10	ZNF432	ZNF432	X48HPI	X72HPI	0.547	0.776	0.229	0.0254689280271478	575	9668
isoComp_00352109	geneComp_00078999	ENST00000659302.1	MSH3	MSH3	X24HPI	X72HPI	0.194	0	-0.194	0.0256358391159376	576	4437
isoComp_00020449	geneComp_00004291	ENST00000438672.5	EFEMP1	EFEMP1	X0HPI	X24HPI	0.286	0.108	-0.178	0.0257711482380981	577	2202
isoComp_00309995	geneComp_00069411	ENST00000427505.5	ZNF440	ZNF440	X24HPI	X48HPI	0	0.135	0.135	0.026116743103541	578	126070
isoComp_00020451	geneComp_00004291	ENST00000440439.5	EFEMP1	EFEMP1	X0HPI	X24HPI	0	0.157	0.157	0.0271240068261801	579	2202
isoComp_00002613	geneComp_00000513	ENST00000357578.8	ALDH5A1	ALDH5A1	X0HPI	X24HPI	0.115	0.014	-0.101	0.0272466058267961	580	7915
isoComp_00069911	geneComp_00015684	ENST00000396551.7	TRIM39	TRIM39	X0HPI	X24HPI	0.517	0.198	-0.32	0.0272466058267961	581	56658
isoComp_00067267	geneComp_00015068	ENST00000254616.11	TIMM10B	TIMM10B	X0HPI	X24HPI	0.682	0.793	0.11	0.0272493805336013	582	26515
isoComp_00301784	geneComp_00067603	ENST00000507237.5	TMEM185A	TMEM185A	X24HPI	X48HPI	0.342	0.027	-0.315	0.0274833170444749	583	84548
isoComp_00317024	geneComp_00070869	ENST00000504964.1	ASTE1	ASTE1	X24HPI	X72HPI	0.23	0	-0.23	0.0275850393530167	584	28990
isoComp_00327073	geneComp_00073093	ENST00000528961.6	CRYAB	CRYAB	X24HPI	X72HPI	0	0.484	0.484	0.0275850393530167	585	1410
isoComp_00341277	geneComp_00076560	ENST00000452979.5	HERC3	HERC3	X24HPI	X72HPI	0	0.268	0.268	0.0275850393530167	586	8916
isoComp_00361918	geneComp_00081190	ENST00000653241.1	POT1	POT1	X24HPI	X72HPI	0	0.146	0.146	0.0275850393530167	587	25913
isoComp_00288316	geneComp_00064634	ENST00000381750.9	RCL1	RCL1	X24HPI	X48HPI	0.738	0.624	-0.114	0.0276802875287068	588	10171
isoComp_00075919	geneComp_00016990	ENST00000588967.1	ZNF283	ZNF283	X0HPI	X24HPI	0	0.644	0.644	0.0282117731683989	589	284349
isoComp_00388426	geneComp_00086985	ENST00000543227.5	ZNF611	ZNF611	X24HPI	X72HPI	0.502	0.258	-0.244	0.0285617620582516	590	81856
isoComp_00347363	geneComp_00077952	ENST00000442461.6	LIN54	LIN54	X24HPI	X72HPI	0.047	0.216	0.169	0.02889402091989	591	132660
isoComp_00219212	geneComp_00049140	ENST00000622190.4	SRCIN1	SRCIN1	X0HPI	X72HPI	0	0.277	0.277	0.0291247280859378	592	80725
isoComp_00117732	geneComp_00026489	ENST00000455683.6	MON1A	MON1A	X0HPI	X48HPI	0	0.199	0.199	0.0291431162794124	593	84315
isoComp_00413254	geneComp_00092559	ENST00000561490.5	FAM214A	FAM214A	X48HPI	X72HPI	0.101	0.221	0.12	0.0292739654399716	594	56204
isoComp_00413261	geneComp_00092559	ENST00000570204.1	FAM214A	FAM214A	X48HPI	X72HPI	0.28	0	-0.28	0.0292739654399716	595	56204
isoComp_00439295	geneComp_00098544	ENST00000446329.6	POC5	POC5	X48HPI	X72HPI	0.209	0	-0.209	0.0294563220179566	596	134359
isoComp_00460170	geneComp_00103089	ENST00000430935.5	TTC26	TTC26	X48HPI	X72HPI	0.374	0.483	0.109	0.0294563220179566	597	79989
isoComp_00321325	geneComp_00071820	ENST00000443644.1	CASD1	CASD1	X24HPI	X72HPI	0.296	0.112	-0.184	0.0294605205055563	598	64921
isoComp_00380340	geneComp_00085222	ENST00000274456.6	TNFAIP8	TNFAIP8	X24HPI	X72HPI	0.152	0.575	0.423	0.0294605205055563	599	25816
isoComp_00347364	geneComp_00077952	ENST00000446851.6	LIN54	LIN54	X24HPI	X72HPI	0.196	0	-0.196	0.0294842375848423	600	132660
isoComp_00038580	geneComp_00008791	ENST00000508569.5	MEF2C	MEF2C	X0HPI	X24HPI	0.45	0.117	-0.334	0.0299776566713305	601	4208
isoComp_00064352	geneComp_00014420	ENST00000519179.6	STK19	STK19	X0HPI	X24HPI	0.049	0.354	0.305	0.0299776566713305	602	8859
isoComp_00421366	geneComp_00094518	ENST00000529550.5	IL32	IL32	X48HPI	X72HPI	0.159	0.287	0.128	0.0303010362405951	603	9235
isoComp_00345005	geneComp_00077384	ENST00000683218.1	KATNAL2	KATNAL2	X24HPI	X72HPI	0.211	0.43	0.219	0.0303447472532358	604	83473
isoComp_00081970	geneComp_00018239	ENST00000588808.5	APLP1	APLP1	X0HPI	X48HPI	0.379	0	-0.379	0.0304445155518956	605	333
isoComp_00105120	geneComp_00023586	ENST00000409640.5	GLB1L	GLB1L	X0HPI	X48HPI	0	0.215	0.215	0.0304445155518956	606	79411
isoComp_00145050	geneComp_00032479	ENST00000642307.1	THRB	THRB	X0HPI	X48HPI	0.072	0.316	0.245	0.0304445155518956	607	7068
isoComp_00145053	geneComp_00032479	ENST00000645139.1	THRB	THRB	X0HPI	X48HPI	0.318	0	-0.318	0.0304445155518956	608	7068
isoComp_00072144	geneComp_00016163	ENST00000260323.16	UNC13C	UNC13C	X0HPI	X24HPI	0	0.176	0.176	0.0305143622475149	609	440279
isoComp_00298929	geneComp_00066962	ENST00000529581.5	SYTL2	SYTL2	X24HPI	X48HPI	0	0.335	0.335	0.0306360407946209	610	54843
isoComp_00412927	geneComp_00092475	ENST00000519808.5	FAM114A2	FAM114A2	X48HPI	X72HPI	0.078	0.337	0.259	0.0312096922310206	611	10827
isoComp_00075922	geneComp_00016990	ENST00000650832.1	ZNF283	ZNF283	X0HPI	X24HPI	0.653	0.158	-0.495	0.0313771417302473	612	284349
isoComp_00451535	geneComp_00101166	ENST00000243112.9	SMUG1	SMUG1	X48HPI	X72HPI	0.25	0.057	-0.193	0.0321403517904995	613	23583
isoComp_00387689	geneComp_00086821	ENST00000438871.2	ZNF385B	ZNF385B	X24HPI	X72HPI	0.235	0	-0.235	0.0321714604755334	614	151126
isoComp_00067270	geneComp_00015068	ENST00000533379.1	TIMM10B	TIMM10B	X0HPI	X24HPI	0.244	0.006	-0.238	0.0324377230439048	615	26515
isoComp_00031664	geneComp_00007211	ENST00000591748.1	IGFLR1	IGFLR1	X0HPI	X24HPI	0.059	0.429	0.37	0.0324737552549875	616	79713
isoComp_00042514	geneComp_00009623	ENST00000458322.2	NDOR1	NDOR1	X0HPI	X24HPI	0	0.274	0.274	0.0324737552549875	617	27158
isoComp_00109838	geneComp_00024738	ENST00000529550.5	IL32	IL32	X0HPI	X48HPI	0.333	0.159	-0.173	0.0325431498538131	618	9235
isoComp_00140351	geneComp_00031454	ENST00000396330.6	SNX16	SNX16	X0HPI	X48HPI	0	0.155	0.155	0.0325431498538131	619	64089
isoComp_00191448	geneComp_00043020	ENST00000536515.5	LGR5	LGR5	X0HPI	X72HPI	0.2	0	-0.2	0.0329940522666696	620	8549
isoComp_00451542	geneComp_00101166	ENST00000506595.5	SMUG1	SMUG1	X48HPI	X72HPI	0	0.19	0.19	0.0330931541779589	621	23583
isoComp_00321445	geneComp_00071839	ENST00000511782.5	CAST	CAST	X24HPI	X72HPI	0.078	0.206	0.128	0.0333826448049944	622	831
isoComp_00246106	geneComp_00054968	ENST00000644377.1	CERT1	CERT1	X24HPI	X48HPI	0.105	0.226	0.122	0.0334099511703043	623	10087
isoComp_00113865	geneComp_00025650	ENST00000650107.1	LMBRD1	LMBRD1	X0HPI	X48HPI	0.267	0.069	-0.198	0.0335483151119835	624	55788
isoComp_00412926	geneComp_00092475	ENST00000518102.5	FAM114A2	FAM114A2	X48HPI	X72HPI	0.253	0	-0.253	0.0336228985122818	625	10827
isoComp_00131910	geneComp_00029608	ENST00000420196.5	RAPGEF5	RAPGEF5	X0HPI	X48HPI	0	0.282	0.282	0.0336774633321954	626	9771
isoComp_00174073	geneComp_00038735	ENST00000452978.5	DHX57	DHX57	X0HPI	X72HPI	0	0.115	0.115	0.0338640112036006	627	90957
isoComp_00321427	geneComp_00071839	ENST00000341926.7	CAST	CAST	X24HPI	X72HPI	0.142	0	-0.142	0.033878189020797	628	831
isoComp_00346564	geneComp_00077773	ENST00000368136.3	L3MBTL3	L3MBTL3	X24HPI	X72HPI	0.141	0	-0.141	0.033878189020797	629	84456
isoComp_00175418	geneComp_00039011	ENST00000681470.1	DTNA	DTNA	X0HPI	X72HPI	0.196	0.031	-0.166	0.0339294408936093	630	1837
isoComp_00190799	geneComp_00042883	ENST00000361794.7	L3MBTL3	L3MBTL3	X0HPI	X72HPI	0.203	0	-0.203	0.0339294408936093	631	84456
isoComp_00260141	geneComp_00058314	ENST00000269216.10	GATA6	GATA6	X24HPI	X48HPI	0.995	0.861	-0.133	0.0340080205339434	632	2627
isoComp_00282973	geneComp_00063524	ENST00000636113.1	PLEKHA7	PLEKHA7	X24HPI	X48HPI	0.125	0.278	0.153	0.0340080205339434	633	144100
isoComp_00175399	geneComp_00039011	ENST00000283365.14	DTNA	DTNA	X0HPI	X72HPI	0	0.189	0.189	0.0346571599695802	634	1837
isoComp_00321326	geneComp_00071820	ENST00000447923.5	CASD1	CASD1	X24HPI	X72HPI	0	0.199	0.199	0.0348483880947806	635	64921
isoComp_00324783	geneComp_00072594	ENST00000565065.5	CIAO3	CIAO3	X24HPI	X72HPI	0.39	0.069	-0.321	0.0348483880947806	636	64428
isoComp_00324785	geneComp_00072594	ENST00000566614.5	CIAO3	CIAO3	X24HPI	X72HPI	0	0.36	0.36	0.0348483880947806	637	64428
isoComp_00345000	geneComp_00077384	ENST00000585469.5	KATNAL2	KATNAL2	X24HPI	X72HPI	0.318	0	-0.318	0.0348483880947806	638	83473
isoComp_00378610	geneComp_00084801	ENST00000523575.1	THG1L	THG1L	X24HPI	X72HPI	0.176	0	-0.176	0.0348483880947806	639	54974
isoComp_00246099	geneComp_00054968	ENST00000642488.1	CERT1	CERT1	X24HPI	X48HPI	0.193	0	-0.193	0.0355302357088051	640	10087
isoComp_00445996	geneComp_00099945	ENST00000466547.1	RPP14	RPP14	X48HPI	X72HPI	0.184	0	-0.184	0.0355607164692487	641	11102
isoComp_00180482	geneComp_00040440	ENST00000378912.6	FCSK	FCSK	X0HPI	X72HPI	0.166	0	-0.166	0.0357894146790532	642	197258
isoComp_00117253	geneComp_00026391	ENST00000277632.8	MINDY3	MINDY3	X0HPI	X48HPI	0.97	0.832	-0.138	0.0359897835589556	643	80013
isoComp_00268667	geneComp_00060326	ENST00000445228.6	L3MBTL1	L3MBTL1	X24HPI	X48HPI	0	0.248	0.248	0.0362824452385182	644	26013
isoComp_00017448	geneComp_00003689	ENST00000528759.5	DDIAS	DDIAS	X0HPI	X24HPI	0.354	0.131	-0.223	0.0365209898514364	645	220042
isoComp_00015480	geneComp_00003289	ENST00000371159.8	CRISP3	CRISP3	X0HPI	X24HPI	0.129	0	-0.129	0.0370454445297321	646	10321
isoComp_00099615	geneComp_00022045	ENST00000546504.1	ENSG00000257921.6	NA	X0HPI	X48HPI	0.304	0	-0.304	0.0375707952014227	647	NULL
isoComp_00429989	geneComp_00096444	ENST00000265081.7	MSH3	MSH3	X48HPI	X72HPI	0.307	0.488	0.182	0.0376177095444093	648	4437
isoComp_00076646	geneComp_00017154	ENST00000414706.2	ZNF557	ZNF557	X0HPI	X24HPI	0.348	0	-0.348	0.0380375495127839	649	79230
isoComp_00303954	geneComp_00068113	ENST00000446306.7	TRRAP	TRRAP	X24HPI	X48HPI	0	0.217	0.217	0.0395381553779171	650	8295
isoComp_00303956	geneComp_00068113	ENST00000628380.2	TRRAP	TRRAP	X24HPI	X48HPI	0.174	0.04	-0.133	0.0400022844461547	651	8295
isoComp_00438478	geneComp_00098363	ENST00000332509.8	PLA2G6	PLA2G6	X48HPI	X72HPI	0.463	0.317	-0.146	0.0405181508322287	652	8398
isoComp_00187430	geneComp_00042101	ENST00000592693.1	IGFLR1	IGFLR1	X0HPI	X72HPI	0.305	0.53	0.225	0.0408658868691119	653	79713
isoComp_00373653	geneComp_00083721	ENST00000243112.9	SMUG1	SMUG1	X24HPI	X72HPI	0.262	0.057	-0.205	0.0415157908220928	654	23583
isoComp_00009305	geneComp_00001954	ENST00000549688.1	CALCOCO1	CALCOCO1	X0HPI	X24HPI	0.328	0.113	-0.215	0.0416492931972305	655	57658
isoComp_00282968	geneComp_00063524	ENST00000525581.2	PLEKHA7	PLEKHA7	X24HPI	X48HPI	0.261	0	-0.261	0.0417268026884182	656	144100
isoComp_00288317	geneComp_00064634	ENST00000441844.2	RCL1	RCL1	X24HPI	X48HPI	0	0.139	0.139	0.0417268026884182	657	10171
isoComp_00009307	geneComp_00001954	ENST00000552623.5	CALCOCO1	CALCOCO1	X0HPI	X24HPI	0	0.256	0.256	0.0417797442034772	658	57658
isoComp_00017444	geneComp_00003689	ENST00000524921.5	DDIAS	DDIAS	X0HPI	X24HPI	0	0.247	0.247	0.0417915825216736	659	220042
isoComp_00276832	geneComp_00062076	ENST00000361676.8	NF2	NF2	X24HPI	X48HPI	0.056	0.179	0.123	0.0423575378475259	660	4771
isoComp_00373660	geneComp_00083721	ENST00000506595.5	SMUG1	SMUG1	X24HPI	X72HPI	0	0.19	0.19	0.042483231792198	661	23583
isoComp_00001679	geneComp_00000329	ENST00000419955.5	ADHFE1	ADHFE1	X0HPI	X24HPI	0.371	0	-0.371	0.042492315457453	662	137872
isoComp_00059281	geneComp_00013301	ENST00000576856.1	SGSH	SGSH	X0HPI	X24HPI	0.105	0	-0.105	0.0429715769387936	663	6448
isoComp_00077739	geneComp_00017413	ENST00000292450.9	ZSCAN21	ZSCAN21	X0HPI	X24HPI	0.554	0.219	-0.335	0.0429715769387936	664	7589
isoComp_00153452	geneComp_00034368	ENST00000591064.1	ZNF180	ZNF180	X0HPI	X48HPI	0.159	0	-0.159	0.043024245086655	665	7733
isoComp_00079428	geneComp_00017747	ENST00000261654.10	ADGRD1	ADGRD1	X0HPI	X48HPI	0.592	0.72	0.128	0.0432112100792371	666	283383
isoComp_00109847	geneComp_00024738	ENST00000552664.5	IL32	IL32	X0HPI	X48HPI	0	0.102	0.102	0.0432112100792371	667	9235
isoComp_00126495	geneComp_00028480	ENST00000078527.9	PIGV	PIGV	X0HPI	X48HPI	0.354	0.659	0.305	0.0434020765136853	668	55650
isoComp_00151757	geneComp_00033980	ENST00000358147.8	WDSUB1	WDSUB1	X0HPI	X48HPI	0	0.199	0.199	0.0434020765136853	669	151525
isoComp_00061983	geneComp_00013903	ENST00000450093.3	SMIM27	SMIM27	X0HPI	X24HPI	0.91	0.792	-0.119	0.0439171404117677	670	100129250
isoComp_00421375	geneComp_00094518	ENST00000552664.5	IL32	IL32	X48HPI	X72HPI	0.102	0	-0.102	0.0443940440048463	671	9235
isoComp_00457911	geneComp_00102588	ENST00000420738.5	TMEM59	TMEM59	X48HPI	X72HPI	0.261	0.141	-0.12	0.0443940440048463	672	9528
isoComp_00457912	geneComp_00102588	ENST00000440019.5	TMEM59	TMEM59	X48HPI	X72HPI	0	0.138	0.138	0.0444195917007133	673	9528
isoComp_00276833	geneComp_00062076	ENST00000397789.3	NF2	NF2	X24HPI	X48HPI	0.193	0	-0.193	0.0447408568560203	674	4771
isoComp_00048311	geneComp_00010984	ENST00000568954.5	PHLPP2	PHLPP2	X0HPI	X24HPI	0.74	0.879	0.139	0.0448266455773231	675	23035
isoComp_00066752	geneComp_00014938	ENST00000457573.5	TEX264	TEX264	X0HPI	X24HPI	0.201	0.007	-0.194	0.0448266455773231	676	51368
isoComp_00077742	geneComp_00017413	ENST00000543588.2	ZSCAN21	ZSCAN21	X0HPI	X24HPI	0	0.393	0.393	0.0448266455773231	677	7589
isoComp_00466630	geneComp_00104505	ENST00000528456.5	ZNF707	ZNF707	X48HPI	X72HPI	0	0.239	0.239	0.0449870940886912	678	286075
isoComp_00239982	geneComp_00053578	ENST00000340660.10	ATXN3	ATXN3	X24HPI	X48HPI	0.186	0.034	-0.152	0.0452635863046599	679	4287
isoComp_00154498	geneComp_00034591	ENST00000594693.5	ZNF548	ZNF548	X0HPI	X48HPI	0	0.207	0.207	0.0456683307739042	680	147694
isoComp_00410924	geneComp_00091711	ENST00000520221.5	ENO3	ENO3	X48HPI	X72HPI	0.201	0.005	-0.197	0.0457788263495055	681	2027
isoComp_00237345	geneComp_00053058	ENST00000456643.5	ANXA1	ANXA1	X24HPI	X48HPI	0.169	0	-0.169	0.0464792184308355	682	301
isoComp_00459659	geneComp_00102992	ENST00000595519.5	TRPM4	TRPM4	X48HPI	X72HPI	0.244	0.43	0.186	0.0466079805882236	683	54795
isoComp_00442514	geneComp_00099210	ENST00000650442.1	QPCT	QPCT	X48HPI	X72HPI	0.49	0	-0.49	0.0467990898025393	684	25797
isoComp_00023091	geneComp_00005144	ENST00000452003.1	EVA1A	EVA1A	X0HPI	X24HPI	0.117	0.42	0.304	0.0468260570625347	685	84141
isoComp_00396279	geneComp_00088578	ENST00000682047.1	BBS2	BBS2	X48HPI	X72HPI	0.106	0	-0.106	0.0468643706092513	686	583
isoComp_00024519	geneComp_00005496	ENST00000292853.9	FBXO27	FBXO27	X0HPI	X24HPI	0.795	0.581	-0.214	0.0469298170798912	687	126433
isoComp_00021125	geneComp_00004416	ENST00000420636.5	ELMO1	ELMO1	X0HPI	X24HPI	0.103	0	-0.103	0.0470769334046398	688	9844
isoComp_00392903	geneComp_00087906	ENST00000540349.1	ANKRD49	ANKRD49	X48HPI	X72HPI	0.102	0	-0.102	0.0479831307059243	689	54851
isoComp_00309275	geneComp_00069267	ENST00000617923.4	ZNF2	ZNF2	X24HPI	X48HPI	0.012	0.227	0.215	0.0484766807130155	690	7549
isoComp_00026990	geneComp_00006078	ENST00000683975.1	GGACT	GGACT	X0HPI	X24HPI	0.285	0	-0.285	0.0485789062427407	691	87769
isoComp_00175771	geneComp_00039084	ENST00000597639.5	DYRK1B	DYRK1B	X0HPI	X72HPI	0	0.216	0.216	0.048655638977027	692	9149
isoComp_00327072	geneComp_00073093	ENST00000528628.5	CRYAB	CRYAB	X24HPI	X72HPI	0	0.358	0.358	0.0489815150257953	693	1410
isoComp_00381521	geneComp_00085492	ENST00000300747.10	TRIM68	TRIM68	X24HPI	X72HPI	1	0.65	-0.35	0.0489815150257953	694	55128
isoComp_00204832	geneComp_00046028	ENST00000332509.8	PLA2G6	PLA2G6	X0HPI	X72HPI	0.56	0.317	-0.243	0.0490939320379723	695	8398
isoComp_00014102	geneComp_00002994	ENST00000389134.9	CNEP1R1	CNEP1R1	X0HPI	X24HPI	0	0.113	0.113	0.0499096566198873	696	255919
